,epoch,batch,fixed point,x_mean,x_var,y_mean,y_var
0,1,7,0,-0.0083503732457757,0.0,0.1357931345701217,0.0
1,2,7,0,-0.0160297434777021,0.0,0.2623125910758972,0.0
2,3,7,0,-0.0231191255152225,0.0,0.3803414106369018,0.0
3,4,7,0,-0.029682507738471,0.0,0.4905566573143005,0.0
4,5,7,0,-0.0357711538672447,0.0,0.5935519933700562,0.0
5,6,7,0,-0.0414267070591449,0.0,0.6898526549339294,0.0
6,7,7,0,-0.0466834418475627,0.0,0.7799261808395386,0.0
7,8,7,0,-0.0515699982643127,0.0,0.8641910552978516,0.0
8,9,7,0,-0.0561106875538826,0.0,0.9430230855941772,0.0
9,10,7,0,-0.0603265278041362,0.0,1.0167614221572876,0.0
10,11,7,0,-0.064236044883728,0.0,1.085713505744934,0.0
11,12,7,0,-0.0678558945655822,0.0,1.1501598358154297,0.0
12,13,7,0,-0.0712013840675354,0.0,1.2103581428527832,0.0
13,14,7,0,-0.0742868185043335,0.0,1.2665469646453855,0.0
14,15,7,0,-0.0771257802844047,0.0,1.31894850730896,0.0
15,16,7,0,-0.0797313004732132,0.0,1.3677717447280884,0.0
16,17,7,0,-0.0821160227060318,0.0,1.413214087486267,0.0
17,18,7,0,-0.0842921584844589,0.0,1.4554635286331177,0.0
18,19,7,0,-0.08627158155043912,1.321694078746578e-17,1.4946993589401243,0.0
19,20,7,0,-0.0880657285451889,0.0,1.531093955039978,0.0
20,21,7,0,-0.08968549718459443,1.3216940772294556e-17,1.5648127794265747,0.0
21,22,7,0,-0.09114115536212918,3.3306690731146575e-17,1.5960147380828855,0.0
22,23,7,0,-0.09244218418995533,3.70074341743858e-18,1.6248526573181152,0.0
23,24,7,0,-0.0935970693826675,0.0,1.6514732837677002,0.0
24,25,7,0,-0.0946130454540252,0.0,1.6760172843933103,0.0
25,26,7,0,-0.0954957922299703,2.7491236793528008e-17,1.6986191272735596,0.0
26,27,7,0,-0.09624905983606974,1.480297347213555e-17,1.7194066047668457,0.0
27,28,7,0,-0.0968741938471794,3.3306690399164225e-17,1.7385016679763794,0.0
28,29,7,0,-0.09736944635709126,1.4802973659502693e-17,1.7560192346572876,0.0
29,30,7,0,-0.0977290943264961,0.0,1.7720680236816406,0.0
30,31,7,0,-0.09794227182865142,5.709718420592633e-17,1.7867499589920044,0.0
31,32,7,0,-0.0979914367198944,0.0,1.8001610040664673,0.0
32,33,7,0,-0.09785008182128263,1.6389006581009556e-16,1.8123905658721924,0.0
33,34,7,0,-0.09747978150844568,1.7446361858785276e-17,1.8235217332839968,0.0
34,35,7,0,-0.09682612021764116,6.8728092045145065e-18,1.8336327075958252,0.0
35,36,7,0,-0.09581292370955143,9.093255250481094e-17,1.8427969217300415,0.0
36,37,7,0,-0.0943347146113713,3.684883078443565e-16,1.8510838747024536,0.0
37,38,7,0,-0.09224629054466879,4.747525127572889e-16,1.8585614045461019,9.473903180356982e-16
38,39,7,0,-0.08934896439313882,5.789020052295298e-16,1.8652989784876504,9.473903088621533e-16
39,40,7,0,-0.08537235607703524,2.772914175416187e-15,1.8713709115982056,0.0
40,41,7,0,-0.0799506977200508,1.0229912153186216e-15,1.876862406730652,0.0
41,42,7,0,-0.07259152978658671,5.735094941203936e-15,1.8818774223327637,0.0
42,43,7,0,-0.0626324961582819,9.854551036377248e-15,1.8865493535995483,0.0
43,44,7,0,-0.04917490805188808,2.737268083793862e-14,1.8910544077555338,1.759439160472621e-15
44,45,7,0,-0.03097033798694606,2.2242525277453202e-14,1.895630470911662,9.473903141333017e-16
45,46,7,0,-0.006207121908664666,8.230083281326142e-14,1.9006056785583496,0.0
46,47,7,0,0.02791011383136107,1.871793725327934e-13,1.906454086303711,0.0
47,48,7,0,0.07596037238836285,3.720579400189915e-13,1.91390380859375,2.4361465226748524e-15
48,49,7,0,0.14553235471248624,5.474351131059032e-13,1.924140167236328,3.6542197821079386e-15
49,50,7,0,0.24720878998438514,1.5507426030707083e-12,1.9389810244242354,1.718836710494066e-14
50,51,7,0,0.38607144355773926,1.3114588779665572e-12,1.960157330830892,3.221127065426396e-14
51,52,7,0,0.5465911944707235,8.185790669506466e-13,1.9871341228485107,1.867712335695243e-14
52,53,7,0,0.704758083820343,2.2263672386860366e-14,2.0172905683517457,5.684341888919184e-15
53,54,7,0,0.8492820033660302,1.7025697091044997e-13,2.0484771178318906,1.0931426695109723e-14
54,55,7,0,0.9788854420185089,2.8726227752105923e-13,2.0795674324035645,0.0
55,55,7,1,-0.7937956878117153,3.0451831533510566e-14,1.7886063541684831,4.060244202767848e-15
56,56,7,0,1.0953032970428467,1.657933049180458e-13,2.109988110406058,1.624097681594519e-14
57,56,7,1,-1.0368000119924545,8.422469071283254e-13,1.7300424575805664,4.872293045078866e-14
58,57,7,0,1.2005712787310283,1.6153004872036096e-13,2.139415661493937,1.5158245049665836e-14
59,57,7,1,-1.191367228825887,3.943512183423061e-13,1.687007188796997,2.4868995740590188e-14
60,58,7,0,1.296394681930542,8.810729923193632e-14,2.1676530838012695,0.0
61,58,7,1,-1.313892877101898,1.2789769259441126e-14,1.6503212451934814,0.0
62,59,7,0,1.3840987980365753,7.934393876698751e-14,2.194577217102051,0.0
63,59,7,1,-1.4173176722093062,2.9196846962267146e-14,1.6181404915722934,3.1005501142260583e-15
64,60,7,0,1.4647068977355957,0.0,2.22011399269104,0.0
65,60,7,1,1.4647067785263062,0.0,2.22011399269104,0.0
66,60,7,2,-1.5071933269500732,0.0,1.5896941423416138,0.0
67,60,7,3,-1.5071934461593628,0.0,1.5896941423416138,0.0
68,60,7,4,-1.507193684577942,0.0,1.5896940231323242,0.0
69,61,7,0,1.5390234470367432,1.326346440152745e-14,2.244226455688477,0.0
70,61,7,1,-1.5865052461624145,3.268496584231763e-14,1.5645312786102292,4.263256407501993e-15
71,62,7,0,1.6076955795288086,0.0,2.2669053077697754,0.0
72,62,7,1,-1.657086928685506,3.789561261022384e-14,1.5423258344332378,2.3684757833082552e-15
73,63,7,0,1.6712612628936767,1.1368683745691824e-14,2.288162422180176,1.1368683782749515e-14
74,63,7,1,-1.7201863169670104,5.068538181540752e-14,1.522806203365326,3.3158661004402174e-15
75,64,7,0,1.7301805019378662,0.0,2.308026075363159,0.0
76,64,7,1,1.730180263519287,0.0,2.30802583694458,0.0
77,64,7,2,-1.7767242193222046,0.0,1.5057305097579956,0.0
78,64,7,3,-1.776724338531494,0.0,1.505730390548706,0.0
79,65,7,0,1.784857760776173,6.9762377712648804e-15,2.326537175612016,9.301650363757745e-15
80,65,7,1,-1.827427327632904,4.736951567322371e-15,1.4908761978149414,0.0
81,66,7,0,1.835654377937317,0.0,2.3437461853027344,0.0
82,66,7,1,-1.8729000091552739,0.0,1.4780354499816897,0.0
83,66,7,2,-1.8729002475738523,0.0,1.4780354499816897,0.0
84,67,7,0,1.882900323186602,4.6016100976760723e-14,2.359709228788103,8.120488397636778e-15
85,67,7,1,-1.9136653244495392,3.958738099718322e-14,1.4670137017965317,9.89684527583086e-15
86,68,7,0,1.9268982145521376,2.0526790173244908e-14,2.374485492706299,0.0
87,68,7,1,-1.9501855770746868,9.473903147703167e-15,1.457629919052124,0.0
88,69,7,0,1.9679279327392574,0.0,2.3881373405456543,0.0
89,69,7,1,-1.982878049214681,6.631732197251228e-14,1.449716587861379,2.3684757872787223e-15
90,70,7,0,2.0062496662139893,0.0,2.400726079940796,0.0
91,70,7,1,2.00624942779541,0.0,2.400726079940796,0.0
92,70,7,2,-2.0121216773986816,0.0,1.4431190490722656,0.0
93,71,7,0,2.0421039528316918,2.5263741659855458e-14,2.4123120307922363,0.0
94,71,7,1,-2.038264195124308,6.06329801436062e-14,1.4376961787541707,3.789561258975388e-15
95,72,7,0,2.0757141709327698,1.4210854724025265e-14,2.4229536056518555,0.0
96,72,7,1,-2.0616247437217017,5.167583537312432e-15,1.433319091796875,0.0
97,73,7,0,2.107286810874939,2.842170943040401e-14,2.432705879211426,0.0
98,73,7,1,-2.0824971199035645,0.0,1.4298713207244873,0.0
99,74,7,0,2.137011698314122,3.248195363096604e-14,2.4416205883026123,0.0
100,74,7,1,-2.1011513471603394,1.6240976817373718e-14,1.4272476881742477,3.806478942517315e-15
101,75,7,0,2.165062348047892,3.7895612580224755e-14,2.4497456550598145,0.0
102,75,7,1,-2.1178383827209473,0.0,1.425352931022644,0.0
103,76,7,0,2.1915981769561768,0.0,2.457124948501587,0.0
104,76,7,1,2.1915977001190186,0.0,2.457124948501587,0.0
105,76,7,2,-2.132789373397827,0.0,1.4241018295288086,0.0
106,77,7,0,2.2167627811431885,0.0,2.4637985229492188,0.0
107,77,7,1,-2.146221399307251,0.0,1.4234167337417605,0.0
108,77,7,2,-2.146221876144409,0.0,1.4234166145324707,0.0
109,78,7,0,2.2406861782073975,0.0,2.469802737236023,1.7053025658242404e-14
110,78,7,1,-2.158337699042426,1.5789838570976127e-14,1.4232276015811496,3.94745964365787e-15
111,79,7,0,2.2634884834289553,3.979039319330119e-14,2.475170850753784,0.0
112,79,7,1,-2.1693308353424072,6.31593542792548e-14,1.4234702467918396,1.4210854714945244e-15
113,80,7,0,2.2852763732274375,9.473903150526611e-15,2.479933222134908,9.473903150526611e-15
114,80,7,1,-2.1793854236602783,0.0,1.4240849018096924,0.0
115,80,7,2,-2.1793859004974365,0.0,1.4240847826004028,0.0
116,81,7,0,2.3061491761888777,1.3534147359995934e-14,2.4841181550707137,1.3534147359995934e-14
117,81,7,1,-2.1886839866638184,1.1368683767126942e-13,1.425015300512314,1.5225915749460643e-14
118,82,7,0,2.326197862625122,0.0,2.487752914428711,0.0
119,82,7,1,-2.197404146194458,0.0,1.4262076616287231,0.0
120,82,7,2,-2.197404146194458,0.0,1.4262075424194336,0.0
121,83,7,0,2.345509243011475,1.136868377613207e-14,2.4908645153045654,0.0
122,83,7,1,-2.2057249546051025,0.0,1.4276093244552612,0.0
123,83,7,2,-2.2057251930236816,0.0,1.4276092052459717,0.0
124,84,7,0,2.364166259765625,0.0,2.4934799671173096,0.0
125,84,7,1,2.364166021347046,0.0,2.4934799671173096,0.0
126,84,7,2,-2.21382737159729,0.0,1.4291681051254272,0.0
127,84,7,3,-2.213827610015869,0.0,1.4291679859161377,0.0
128,85,7,0,2.382251262664795,0.0,2.4956283569335938,0.0
129,85,7,1,2.382251024246216,0.0,2.4956283569335938,0.0
130,85,7,2,-2.2218949794769287,0.0,1.4308323860168457,0.0
131,85,7,3,-2.221895456314087,0.0,1.4308322668075562,0.0
132,86,7,0,2.399846076965332,0.0,2.497339963912964,0.0
133,86,7,1,2.399845600128174,0.0,2.4973397254943848,0.0
134,86,7,2,-2.2301120162010193,2.842170942755896e-14,1.4325504451990128,1.7763568395983236e-15
135,87,7,0,2.4170306379144844,8.06143031610153e-14,2.4986477331681685,9.301650343355772e-15
136,87,7,1,-2.2386555671691895,0.0,1.434273600578308,0.0
137,88,7,0,2.4338866642543246,5.413658941506853e-14,2.499586582183838,0.0
138,88,7,1,-2.2476985454559326,0.0,1.4359543323516846,0.0
139,89,7,0,2.4504883072592993,3.9273634828109324e-14,2.500192165374756,0.0
140,89,7,1,-2.257392644882202,1.5158245029548803e-13,1.4375517666339874,2.2500519910591133e-14
141,90,7,0,2.4669061728886197,3.518878308918414e-14,2.5005006790161133,0.0
142,90,7,1,-2.267864227294922,6.496390728462046e-14,1.4390321224927902,3.806478945772017e-15
143,91,7,0,2.4831962982813516,5.4948638248349216e-14,2.5005472898483276,1.7053025658242404e-14
144,91,7,1,-2.2792077329423694,6.3159354237897516e-15,1.4403705596923828,0.0
145,92,7,0,2.4994022846221924,0.0,2.50036358833313,0.0
146,92,7,1,2.4994020462036133,0.0,2.500363349914551,0.0
147,92,7,2,-2.2914748191833496,0.0,1.4415534734725952,0.0
148,92,7,3,-2.2914750576019287,0.0,1.4415533542633057,0.0
149,93,7,0,2.5155500968297324,5.4948638258937124e-14,2.4999788204828897,9.473903150526611e-15
150,93,7,1,-2.3046767711639404,1.4210854705969094e-14,1.4425782759984334,3.552713691405158e-15
151,94,7,0,2.5316482543945313,4.54747350780585e-14,2.499417448043823,1.7053025660889382e-14
152,94,7,1,-2.318783473968506,3.536923840208447e-14,1.4434527277946474,4.5790531807155784e-15
153,95,7,0,2.547690153121948,0.0,2.498699188232422,0.0
154,95,7,1,2.547689914703369,0.0,2.498699188232422,0.0
155,95,7,2,-2.333729982376098,0.0,1.4441931247711182,0.0
156,95,7,3,-2.3337302207946777,0.0,1.4441931247711182,0.0
157,96,7,0,2.5636541843414307,0.0,2.497840166091919,0.0
158,96,7,1,2.5636537075042725,0.0,2.49783992767334,0.0
159,96,7,2,-2.34942356745402,1.2884508270387215e-13,1.4448215961456299,1.7053025674477202e-14
160,97,7,0,2.5795090198516846,3.789561251505028e-14,2.496852227619716,1.3534147353945699e-14
161,97,7,1,-2.365752875804901,1.258675702642403e-13,1.4453645199537275,3.8064789640037535e-15
162,98,7,0,2.5952181816101074,1.3263464401296366e-13,2.4957451479775563,8.120488401124065e-15
163,98,7,1,-2.3826003968715668,1.12671776656557e-13,1.44584821164608,1.776356836762276e-15
164,99,7,0,2.610742966334025,1.4210854720165087e-14,2.4945268630981445,0.0
165,99,7,1,-2.3998447259267173,3.789561258869508e-14,1.4462995131810505,9.47390314717377e-15
166,100,7,0,2.626046299934387,3.600083193988445e-13,2.4932035207748413,5.684341884316149e-14
167,100,7,1,-2.41737040606412,3.720660143790354e-14,1.4467421986839986,2.3254125955788097e-15
168,101,7,0,2.6410914829799106,1.624097681989465e-14,2.4917807579040527,0.0
169,101,7,1,-2.4350716173648834,3.146689257649493e-14,1.4471968859434128,7.866723144123733e-15
170,102,7,0,2.655848400933402,3.518878310241903e-14,2.4902639389038086,0.0
171,102,7,1,-2.4528512954711914,0.0,1.447680950164795,0.0
172,103,7,0,2.670290231704712,0.0,2.4886586666107178,0.0
173,103,7,1,2.6702897548675537,0.0,2.4886584281921387,0.0
174,103,7,2,-2.470624828338623,1.0231815394548396e-13,1.4482086658477784,2.8421709346583037e-15
175,104,7,0,2.6843945384025574,1.2180732610185238e-14,2.4869699478149414,0.0
176,104,7,1,-2.4883199078696117,2.7068294707807365e-14,1.4487904821123396,1.3534147346151818e-14
177,105,7,0,2.698144853115082,4.4662686272266776e-14,2.4852033257484436,1.2180732610185238e-14
178,105,7,1,-2.5058723517826627,7.308439567234157e-14,1.44943482535226,1.3534147346151818e-14
179,106,7,0,2.7115264336268106,3.9618140420776526e-14,2.483364681402842,1.5072118639121988e-14
180,106,7,1,-2.5232290426890054,4.736951571292838e-13,1.450147310892741,1.8947806269289485e-14
181,107,7,0,2.724530816078186,2.431635139700545e-13,2.481459307670593,1.3263464404701956e-14
182,107,7,1,-2.5403448581695556,4.54747350780585e-14,1.4509308576583861,2.8421709509813347e-15
183,108,7,0,2.7371480464935303,0.0,2.4794929027557373,0.0
184,108,7,1,-2.5571804642677307,1.258675702853801e-13,1.4517882466316223,4.0602442043434294e-15
185,109,7,0,2.74937641620636,1.6240976816761492e-13,2.4774713218212128,7.1054273508305006e-15
186,109,7,1,-2.573704242706299,0.0,1.4527194499969482,0.0
187,109,7,2,-2.573704719543457,0.0,1.4527193307876587,0.0
188,110,7,0,2.7612133026123047,7.105427356272786e-14,2.4753997060987682,6.315935431289522e-15
189,110,7,1,-2.5898910760879517,1.7053025658242404e-14,1.453723967075348,4.26325642744256e-15
190,111,7,0,2.7726578182644315,1.1052887010050094e-13,2.4732836617363825,1.5789838570976127e-14
191,111,7,1,-2.605717658996582,0.0,1.4548001289367676,0.0
192,111,7,2,-2.60571813583374,0.0,1.4548001289367676,0.0
193,112,7,0,2.783712387084961,0.0,2.4711287021636963,0.0
194,112,7,1,2.783712148666382,0.0,2.4711287021636963,0.0
195,112,7,2,-2.6211671829223633,0.0,1.4559459686279297,0.0
196,112,7,3,-2.6211674213409424,0.0,1.45594584941864,0.0
197,112,7,4,-2.6211678981781006,0.0,1.4559457302093506,0.0
198,113,7,0,2.7943789618355885,8.391171366525108e-14,2.468939781188965,0.0
199,113,7,1,-2.6362268924713135,4.872293046245697e-14,1.4571580737829208,5.8366010432710055e-15
200,114,7,0,2.8046626363481795,1.3534147355962444e-14,2.466721773147583,0.0
201,114,7,1,-2.6508841812610626,1.370332418885238e-13,1.4584334343671799,3.806478941671002e-15
202,115,7,0,2.8145687580108643,1.477928890212106e-13,2.4644799015738745,5.167583531312615e-15
203,115,7,1,-2.665134072303772,1.8947806269289485e-14,1.459768295288086,0.0
204,116,7,0,2.824103683233261,8.018982301424677e-14,2.462218701839447,1.2180732623258069e-14
205,116,7,1,-2.6789700303758894,1.0827317879635658e-13,1.4611591441290719,1.2857439981681326e-14
206,117,7,0,2.8332743644714355,0.0,2.45994234085083,0.0
207,117,7,1,2.8332736492156982,0.0,2.45994234085083,0.0
208,117,7,2,-2.692390024662018,1.4210854706378744e-14,1.4626011848449707,0.0
209,118,7,0,2.8420886993408203,0.0,2.457655429840088,0.0
210,118,7,1,2.842088460922241,0.0,2.457655429840088,0.0
211,118,7,2,-2.7053942680358887,0.0,1.4640905857086182,0.0
212,118,7,3,-2.705394506454468,0.0,1.4640905857086182,0.0
213,119,7,0,2.850555509328842,1.289127535266182e-13,2.455362021923065,1.2180732621925575e-14
214,119,7,1,-2.7179838929857527,5.142975993386794e-14,1.4656228848866053,6.767073690354793e-15
215,120,7,0,2.8586840629577637,0.0,2.4530661702156067,1.4210854706378744e-14
216,120,7,1,-2.7301604747772217,0.0,1.4671943187713623,0.0
217,120,7,2,-2.73016095161438,0.0,1.4671943187713623,0.0
218,121,7,0,2.8664838473002114,1.5631940185729587e-13,2.450771225823297,1.5789838640448794e-14
219,121,7,1,-2.7419310410817466,1.2884508273704763e-13,1.4688000082969666,4.263256391002497e-15
220,122,7,0,2.873964468638102,7.57912251300975e-14,2.4484806855519614,1.8947806295759265e-14
221,122,7,1,-2.7532973289489746,0.0,1.4704363346099854,0.0
222,122,7,2,-2.753297805786133,0.0,1.4704362154006958,0.0
223,122,7,3,-2.75329852104187,0.0,1.4704360961914062,0.0
224,123,7,0,2.881136655807495,6.496390724839107e-14,2.446197986602783,0.0
225,123,7,1,-2.7642692497798373,1.2992781454134262e-13,1.4720984867640905,1.624097682035682e-14
226,124,7,0,2.888009262084961,7.326485098556403e-14,2.443925380706787,0.0
227,124,7,1,-2.774851846694946,6.821210261708775e-14,1.473783016204834,0.0
228,125,7,0,2.8945939540863037,0.0,2.441666603088379,0.0
229,125,7,1,2.8945934772491455,0.0,2.4416663646698,0.0
230,125,7,2,-2.7850540479024253,8.33703476773415e-14,1.4754859606424968,3.789561258975388e-15
231,126,7,0,2.9008995592594147,6.394884620706483e-14,2.4394235610961914,0.0
232,126,7,1,-2.794883898326329,1.8406440395342801e-13,1.4772040843963623,9.473903164643828e-15
233,127,7,0,2.906937450170517,1.1267177669401084e-13,2.4371990263462067,1.5225915762506465e-14
234,127,7,1,-2.8043504442487444,3.2481953649704964e-14,1.478933470589774,6.767073664557262e-15
235,128,7,0,2.9127178457048206,3.473764486011795e-14,2.4349951214260526,1.105288700929434e-14
236,128,7,1,-2.8134621381759644,3.979039319727166e-14,1.4806711475054424,2.3684757859552334e-15
237,129,7,0,2.918250322341919,1.5916157283143826e-13,2.4328136444091797,0.0
238,129,7,1,-2.8222299416859946,5.6843418806765546e-14,1.4824137952592635,6.315935442213558e-15
239,130,7,0,2.9235448837280273,0.0,2.4306564331054688,0.0
240,130,7,1,2.923544406890869,0.0,2.4306564331054688,0.0
241,130,7,2,-2.830662250518799,0.0,1.484158635139465,0.0
242,130,7,3,-2.830662727355957,0.0,1.4841585159301758,0.0
243,131,7,0,2.9286105632781982,1.1368683771499858e-13,2.428525447845459,0.0
244,131,7,1,-2.8387699127197266,0.0,1.4859029054641724,0.0
245,131,7,2,-2.8387703895568848,0.0,1.4859027862548828,0.0
246,132,7,0,2.933458089828491,0.0,2.426421642303467,0.0
247,132,7,1,2.933457851409912,0.0,2.426421642303467,0.0
248,132,7,2,-2.8465627431869502,5.6843418737282375e-14,1.4876437485218048,3.552713678800501e-15
249,133,7,0,2.9380957815382214,6.315935420481029e-15,2.4243471357557507,6.315935420481029e-15
250,133,7,1,-2.8540494441986084,0.0,1.489379644393921,0.0
251,133,7,2,-2.8540496826171875,0.0,1.4893794059753418,0.0
252,134,7,0,2.942533564567566,2.4063713984115553e-13,2.422302222251892,5.684341888919184e-15
253,134,7,1,-2.861241674423218,4.547473509129339e-14,1.4911072731018067,4.263256411913623e-15
254,135,7,0,2.946779489517212,2.111326986262905e-13,2.4202883541584015,2.334640417497472e-14
255,135,7,1,-2.8681479522160123,1.6240976844851873e-14,1.4928255081176758,0.0
256,136,7,0,2.950841760635376,1.2884508274769622e-13,2.4183062314987183,1.57898385665645e-14
257,136,7,1,-2.874778175354004,1.0231815394548396e-13,1.4945319652557374,2.8421709440330175e-15
258,137,7,0,2.95472936630249,2.2737367546358626e-14,2.4163568019866943,0.0
259,137,7,1,-2.8811417579650875,1.307398634504445e-13,1.4962252140045165,2.8421709300260928e-15
260,138,7,0,2.95844966173172,1.5834952386780025e-13,2.414440631866455,0.0
261,138,7,1,-2.8872478689466203,3.2481953649704964e-14,1.497903687613351,2.0301221016150093e-15
262,139,7,0,2.962010383605957,0.0,2.412558078765869,0.0
263,139,7,1,2.962009906768799,0.0,2.412558078765869,0.0
264,139,7,2,2.9620096683502197,0.0,2.412558078765869,0.0
265,139,7,3,-2.893106698989868,3.789561257387201e-14,1.4995660483837128,3.552713678800501e-15
266,140,7,0,2.9654183149337774,3.0884924221092123e-13,2.410709524154663,2.7790115891647006e-14
267,140,7,1,-2.8987255096435547,0.0,1.5012109279632568,0.0
268,141,7,0,2.968680673175388,2.526374172629251e-14,2.408895254135132,0.0
269,141,7,1,-2.9041148821512857,1.515824503590155e-14,1.50283682346344,0.0
270,142,7,0,2.971804584775652,6.496390724428556e-14,2.407115868159703,1.3534147353945699e-14
271,142,7,1,-2.9092816412448883,6.394884619309167e-14,1.5044435858726501,4.060244202551768e-15
272,143,7,0,2.9747961248670305,1.651165976306948e-13,2.4053709166390553,8.120488402048407e-15
273,143,7,1,-2.914235234260559,3.085785595882622e-13,1.5060297399759293,1.3957089449121816e-14
274,144,7,0,2.977660655975342,0.0,2.403660774230957,0.0
275,144,7,1,2.9776601791381836,0.0,2.403660774230957,0.0
276,144,7,2,2.9776599407196045,0.0,2.403660535812378,0.0
277,144,7,3,-2.918982914515904,3.2481953640881706e-14,1.5075945854187012,0.0
278,145,7,0,2.9804042100906374,2.589533525898994e-14,2.4019851684570312,0.0
279,145,7,1,-2.9235323905944823,1.5916157279967453e-13,1.5091377258300782,2.8421709440330175e-15
280,146,7,0,2.9830330099378313,3.248195363205845e-14,2.4003443717956543,0.0
281,146,7,1,-2.9278926253318787,1.2586757031797215e-13,1.5106581449508667,8.120488408686859e-15
282,147,7,0,2.985552648703257,8.741828807990646e-14,2.398737668991089,0.0
283,147,7,1,-2.9320695400238037,5.684341886080802e-14,1.512155572573344,4.736951573939816e-15
284,148,7,0,2.9879672527313232,0.0,2.397165298461914,0.0
285,148,7,1,2.987966775894165,0.0,2.397165298461914,0.0
286,148,7,2,-2.936070591211319,6.394884624720166e-14,1.513629674911499,0.0
287,149,7,0,2.9902810785505505,2.33689610810679e-13,2.3956268628438315,1.4210854717202994e-14
288,149,7,1,-2.939902424812317,1.5347723114229263e-13,1.5150801539421082,4.263256414560601e-15
289,150,7,0,2.992499828338623,0.0,2.3941221237182617,0.0
290,150,7,1,2.992499351501465,0.0,2.3941221237182617,0.0
291,150,7,2,-2.9435723225275674,9.473903150526611e-15,1.5165067712465923,2.3684757876316528e-15
292,151,7,0,2.994627316792806,1.8474111133085507e-13,2.392650604248047,0.0
293,151,7,1,-2.9470855394999185,2.880066556306016e-13,1.517909288406372,0.0
294,152,7,0,2.9966672333804043,8.268133651390558e-14,2.3912119648673316,5.167583531312615e-15
295,152,7,1,-2.9504488706588745,5.684341887845453e-14,1.5192874073982239,1.4210854719613633e-14
296,153,7,0,2.998624404271444,2.842170943405936e-14,2.389805793762207,0.0
297,153,7,1,-2.95366895198822,8.526512829121202e-14,1.5206413666407268,9.473903139938698e-15
298,154,7,0,3.000502276420593,5.1159076963495066e-14,2.3884315490722656,0.0
299,154,7,1,-2.9567506313323975,1.989519660194455e-13,1.521971082687378,9.947598298325297e-15
300,155,7,0,3.0023040771484375,6.821210263826358e-14,2.3870888153711953,9.473903133233021e-15
301,155,7,1,-2.9596998161739774,1.8158314364478925e-13,1.523276302549574,6.3159354177447665e-15
302,156,7,0,3.004032532374064,9.947598297124702e-14,2.385777235031128,0.0
303,156,7,1,-2.962520956993103,2.899014362007088e-13,1.5245576898256938,1.3737159564734281e-14
304,157,7,0,3.0056921111212835,5.842240273594604e-14,2.3844962120056152,0.0
305,157,7,1,-2.965220848719279,3.789561256963685e-14,1.5258147915204365,2.3684757872787223e-15
306,158,7,0,3.0072851181030273,1.299278145101791e-13,2.383245050907135,1.218073261947667e-14
307,158,7,1,-2.9678028651646207,3.3835368369381527e-13,1.52704804284232,8.797195782726388e-15
308,159,7,0,3.0088137217930386,5.4136589375784014e-14,2.382023777280535,8.120488412048102e-15
309,159,7,1,-2.9702725410461426,8.120488413015659e-14,1.5282577872276306,4.0602442043434294e-15
310,160,7,0,3.010281801223755,5.68434189051449e-14,2.380831241607666,0.0
311,160,7,1,-2.9726341168085733,5.4948638248349216e-14,1.5294438401858008,2.3684757694557374e-15
312,161,7,0,3.0116919040679933,1.0358134099432703e-13,2.379667043685913,0.0
313,161,7,1,-2.9748921394348145,0.0,1.5306066989898681,4.263256411913623e-15
314,162,7,0,3.013045811653137,5.621182532097261e-14,2.3785306453704833,1.5158245026355627e-14
315,162,7,1,-2.9770508766174317,1.307398633825054e-13,1.5317464351654055,4.263256400443385e-15
316,163,7,0,3.0143465995788574,2.842170943040401e-14,2.3774216175079346,0.0
317,163,7,1,-2.979113817214966,0.0,1.5328634977340698,0.0
318,163,7,2,-2.979114055633545,0.0,1.5328633785247805,0.0
319,163,7,3,-2.979114294052124,0.0,1.5328633785247805,0.0
320,164,7,0,3.015595038731893,2.842170943075064e-14,2.3763391971588135,0.0
321,164,7,1,-2.9810847838719687,7.768600576761436e-14,1.5339583555857341,9.473903152467726e-15
322,165,7,0,3.0167950789133706,9.947598312117943e-14,2.3752830028533936,0.0
323,165,7,1,-2.98296856880188,6.82121026223817e-14,1.5350308418273926,0.0
324,166,7,0,3.0179483691851297,7.708312104121127e-14,2.3742523193359375,0.0
325,166,7,1,-2.9847676753997803,1.7053025658242404e-13,1.5360815525054932,0.0
326,167,7,0,3.0190560136522566,1.0827317878862571e-13,2.373246567589896,1.624097681989465e-14
327,167,7,1,-2.986486256122589,4.466268625155912e-14,1.5371107906103134,1.7763568386529746e-15
328,168,7,0,3.0201209121280246,8.21071605820114e-14,2.3722653653886585,6.31593542971394e-15
329,168,7,1,-2.988127827644348,8.526512828062411e-14,1.5381190776824951,0.0
330,169,7,0,3.0211448669433594,0.0,2.3713080883026123,0.0
331,169,7,1,3.021144390106201,0.0,2.3713080883026123,0.0
332,169,7,2,3.021144151687622,0.0,2.3713080883026123,0.0
333,169,7,3,3.021143913269043,0.0,2.3713080883026123,0.0
334,169,7,4,-2.9896950721740723,0.0,1.5391064882278442,0.0
335,169,7,5,-2.9896955490112305,0.0,1.539106369018555,0.0
336,170,7,0,3.022128105163574,0.0,2.3703742027282715,0.0
337,170,7,1,3.022127866744995,0.0,2.3703742027282715,0.0
338,170,7,2,3.022127151489258,0.0,2.3703742027282715,0.0
339,170,7,3,-2.99119119644165,3.979039319330119e-14,1.5400736331939695,0.0
340,171,7,0,3.0230736136436462,8.397323241516768e-14,2.3694631854693093,4.7369515717364315e-15
341,171,7,1,-2.9926186402638755,1.3263464396443574e-13,1.5410207112630208,4.736951589380521e-15
342,172,7,0,3.023982869254218,1.294766762992096e-13,2.368574380874634,0.0
343,172,7,1,-2.9939807256062827,1.5158245049665836e-14,1.541948318481445,0.0
344,173,7,0,3.0248572528362274,1.3703324186628556e-13,2.3677074909210205,0.0
345,173,7,1,-2.995280436107091,3.2481953695585916e-14,1.5428565910884313,2.0301221092303226e-15
346,174,7,0,3.0256989002227783,0.0,2.3668620586395264,0.0
347,174,7,1,3.025697946548462,0.0,2.3668618202209473,0.0
348,174,7,2,-2.9965195655822754,0.0,1.5437462329864502,0.0
349,174,7,3,-2.9965198040008545,0.0,1.5437462329864502,0.0
350,175,7,0,3.026506519317627,1.7937256615815833e-13,2.366036891937256,0.0
351,175,7,1,-2.9977004528045654,0.0,1.5446171760559082,0.0
352,175,7,2,-2.997701406478882,0.0,1.5446171760559082,0.0
353,176,7,0,3.0272838354110716,1.901096564464679e-13,2.3652322053909303,5.684341888919184e-15
354,176,7,1,-2.9988277435302733,1.5347723090829977e-13,1.5454699516296386,4.2632564152223456e-15
355,177,7,0,3.028033039786599,1.074857374079992e-13,2.3644473552703857,0.0
356,177,7,1,-2.9999013543128967,1.4210854715202004e-14,1.5463049411773682,0.0
357,178,7,0,3.028753101825714,7.755066427988217e-13,2.363681674003601,1.6240976764074024e-14
358,178,7,1,-3.000924723488944,5.4136589393430536e-14,1.5471227169036863,0.0
359,179,7,0,3.029446760813395,5.6843418836685854e-14,2.362934854295519,6.315935427098474e-15
360,179,7,1,-3.0018975734710693,0.0,1.5479238033294678,0.0
361,179,7,2,-3.001899480819702,0.0,1.547923564910889,0.0
362,180,7,0,3.030113995075226,1.4598423469598732e-13,2.362206220626831,0.0
363,180,7,1,-3.0028266112009683,1.3263464404384507e-13,1.5487077633539836,4.736951573939816e-15
364,181,7,0,3.0307567853194017,2.025957747195715e-13,2.3614954948425293,0.0
365,181,7,1,-3.003710389137268,2.842170943040401e-14,1.5494754314422607,0.0
366,182,7,0,3.031375620100233,2.9053302969238973e-13,2.3608022001054554,6.315935423096495e-15
367,182,7,1,-3.00455105304718,1.762145984970922e-13,1.550227443377177,3.789561258975388e-15
368,183,7,0,3.0319738388061523,0.0,2.360126256942749,0.0
369,183,7,1,3.0319724082946777,0.0,2.36012601852417,0.0
370,183,7,2,-3.0053511559963226,6.394884621840902e-14,1.5509641021490097,1.77635684649037e-15
371,184,7,0,3.032548295127021,7.263325745302299e-14,2.359466552734375,0.0
372,184,7,1,-3.0061123768488565,5.494863822717339e-14,1.551685631275177,4.263256411913623e-15
373,185,7,0,3.0331026315689087,1.168448054302232e-13,2.358823299407959,0.0
374,185,7,1,-3.00683650970459,2.7284841052129056e-13,1.5523924589157105,2.8421709456873787e-15
375,186,7,0,3.0336377143859865,1.5347723090829977e-13,2.358195543289185,0.0
376,186,7,1,-3.0075247049331666,2.8358550079286396e-13,1.5530847907066345,1.0263395074222624e-14
377,187,7,0,3.034154600567288,6.789630584120618e-14,2.3575830459594727,0.0
378,187,7,1,-3.0081787109375,0.0,1.553762674331665,0.0
379,188,7,0,3.034654378890991,0.0,2.356985569000244,0.0
380,188,7,1,3.034653663635254,0.0,2.356985569000244,0.0
381,188,7,2,3.0346531867980957,0.0,2.356985569000244,0.0
382,188,7,3,-3.008799910545349,8.526512828591807e-14,1.5544271270434062,2.3684757859552334e-15
383,189,7,0,3.035134971141815,9.33856167145203e-14,2.356402426958084,7.1054273508305006e-15
384,189,7,1,-3.009390115737915,0.0,1.5550777912139893,0.0
385,189,7,2,-3.009391069412231,0.0,1.5550776720046997,0.0
386,190,7,0,3.035600185394287,0.0,2.3558337688446045,0.0
387,190,7,1,3.035599946975708,0.0,2.3558335304260254,0.0
388,190,7,2,-3.0099510749181113,1.2316074088131883e-13,1.5557153820991516,4.263256414560601e-15
389,191,7,0,3.0360498428344727,2.5579538487363607e-13,2.3552787780761717,1.1368683769514625e-14
390,191,7,1,-3.0104821920394897,4.105358028394971e-14,1.5563403367996216,0.0
391,192,7,0,3.0364842414855957,0.0,2.3547372817993164,0.0
392,192,7,1,-3.01098690032959,3.581135387992677e-13,1.5569526195526122,9.947598296670936e-15
393,193,7,0,3.036905288696289,1.7865074497756988e-13,2.354208707809448,0.0
394,193,7,1,-3.011464902332851,8.932537247853917e-14,1.5575527804238456,3.3835368386019672e-15
395,194,7,0,3.037313461303711,2.1862853408687365e-13,2.3536929743630544,7.495835454983775e-15
396,194,7,1,-3.011918783187866,,1.5581408739089966,
397,195,7,0,3.0377084016799927,1.0421293456785422e-13,2.3531896591186525,1.01054966887094e-14
398,195,7,1,-3.012348461151123,3.524291969608325e-13,1.5587174415588378,1.1368683771168986e-14
399,196,7,0,3.0380916595458984,0.0,2.35269832611084,0.0
400,196,7,1,3.03809118270874,0.0,2.35269832611084,0.0
401,196,7,2,-3.0127551555633545,0.0,1.5592827796936035,0.0
402,196,7,3,-3.0127556324005127,0.0,1.5592827796936035,0.0
403,197,7,0,3.038463830947876,0.0,2.3522188663482666,0.0
404,197,7,1,3.0384633541107178,0.0,2.3522188663482666,0.0
405,197,7,2,3.0384628772735596,0.0,2.3522188663482666,0.0
406,197,7,3,-3.013141393661499,8.526512831106436e-14,1.5598369359970092,4.263256411913623e-15
407,198,7,0,3.0388239080255683,1.0335167057671982e-13,2.3517508506774902,0.0
408,198,7,1,-3.0135059356689453,9.094947018435142e-13,1.5603805482387543,3.197442310920451e-14
409,199,7,0,3.0391743421554565,3.214811133025129e-13,2.3512941122055055,1.3263464404701956e-14
410,199,7,1,-3.0138506412506105,6.821210265017497e-14,1.5609137058258056,2.8421709423786563e-15
411,200,7,0,3.039515495300293,1.948917217505752e-13,2.350848138332367,1.2180732617748033e-14
412,200,7,1,-3.01417715208871,3.1669904800071835e-13,1.5614363636289323,4.060244204973662e-15
413,201,7,0,3.0398475040089,3.110885286603262e-13,2.3504128456115723,0.0
414,201,7,1,-3.014486014842987,1.2789769243681803e-13,1.5619493424892426,3.552713678800501e-15
415,202,7,0,3.0401700905391147,9.203220188234716e-14,2.349987711225237,8.120488397636778e-15
416,202,7,1,-3.0147783160209656,7.267837126422979e-13,1.5624524801969528,2.004745575752766e-14
417,203,7,0,3.0404846469561257,1.390941234465941e-13,2.3495726585388184,0.0
418,203,7,1,-3.0150538285573325,7.579122537714878e-14,1.562946120897929,4.736951573939816e-15
419,204,7,0,3.0407919883728027,0.0,2.3491673469543457,0.0
420,204,7,1,3.0407912731170654,0.0,2.3491673469543457,0.0
421,204,7,2,3.0407907962799072,0.0,2.3491673469543457,0.0
422,204,7,3,-3.0153140226999917,3.7895612599283e-14,1.5634307861328125,0.0
423,205,7,0,3.0410919189453125,0.0,2.348771572113037,0.0
424,205,7,1,3.0410914421081543,0.0,2.348771572113037,0.0
425,205,7,2,3.041090965270996,0.0,2.348771572113037,0.0
426,205,7,3,-3.015559196472168,0.0,1.56390643119812,0.0
427,205,7,4,-3.0155599117279053,0.0,1.5639063119888306,0.0
428,206,7,0,3.041383647918701,1.162132118800613e-13,2.3483850002288817,1.5158245029184672e-14
429,206,7,1,-3.0157903671264648,2.7284841052129056e-13,1.5643733739852905,1.4210854711893281e-14
430,207,7,0,3.0416695204648105,8.268133653223158e-14,2.348007223822854,5.1675835286656374e-15
431,207,7,1,-3.016009271144867,1.2789769243681803e-13,1.5648315846920011,3.552713665565611e-15
432,208,7,0,3.041949212551117,1.745905008141736e-13,2.3476381301879883,0.0
433,208,7,1,-3.016214336667742,1.4075513235312321e-13,1.5652814081736974,2.0301221002810163e-15
434,209,7,0,3.042223572731018,1.624097681566669e-13,2.3472776412963867,0.0
435,209,7,1,-3.0164083753313338,1.0827317879686076e-13,1.5657231637409754,2.0301221030120255e-15
436,210,7,0,3.042491841316223,1.2695030220700648e-13,2.346925210952759,1.0105496688401289e-14
437,210,7,1,-3.0165899276733397,9.663381208057898e-14,1.5661571025848389,0.0
438,211,7,0,3.0427548355526395,6.78963058545356e-14,2.346580982208252,0.0
439,211,7,1,-3.016761581103007,3.277970487915215e-13,1.5665833353996277,4.263256411913623e-15
440,212,7,0,3.043013572692871,0.0,2.3462445735931396,0.0
441,212,7,1,3.043012857437134,0.0,2.3462445735931396,0.0
442,212,7,2,3.0430121421813965,0.0,2.3462445735931396,0.0
443,212,7,3,3.0430119037628174,0.0,2.3462443351745605,0.0
444,212,7,4,-3.0169230699539185,5.684341886080802e-14,1.5670020580291748,0.0
445,213,7,0,3.0432663614099678,2.8525061091126485e-13,2.345915664326061,1.550275061074902e-14
446,213,7,1,-3.0170739889144897,1.7053025661771708e-13,1.5674136281013489,1.4210854719613633e-14
447,214,7,0,3.043515610694885,1.648459147211464e-13,2.3455941677093506,0.0
448,214,7,1,-3.0172164916992186,3.8085090620815383e-13,1.567818069458008,1.7053025676330085e-14
449,215,7,0,3.043760617574056,3.2383523470153655e-13,2.345279812812805,1.5502750598402185e-14
450,215,7,1,-3.0173491636912027,7.57912251300975e-14,1.5682155688603718,4.736951573939816e-15
451,216,7,0,3.044002056121826,3.41060513175436e-13,2.3449723720550537,0.0
452,216,7,1,-3.0174751811557345,1.6737228888411069e-13,1.5686062177022297,7.105427375082085e-15
453,217,7,0,3.0442396700382233,4.2125033629305896e-13,2.344671785831451,1.2180732659199348e-14
454,217,7,1,-3.017592566353934,1.624097681548302e-14,1.5689904689788818,0.0
455,218,7,0,3.0444732705752053,6.674795391042637e-14,2.3443779349327087,1.1627062962937605e-14
456,218,7,1,-3.0177012284596763,3.0316490052039e-13,1.5693684418996174,4.736951567322371e-15
457,219,7,0,3.044704556465149,2.864033796667246e-13,2.344089984893799,0.0
458,219,7,1,-3.0178048610687256,,1.569739818572998,
459,220,7,0,3.04493295062672,9.508353693698387e-14,2.343808650970459,0.0
460,220,7,1,-3.017899990081787,0.0,1.5701055526733398,0.0
461,220,7,2,-3.0179004669189453,0.0,1.5701054334640503,0.0
462,221,7,0,3.0451583862304688,0.0,2.3435332775115967,0.0
463,221,7,1,3.0451579093933105,0.0,2.3435332775115967,0.0
464,221,7,2,3.045157670974731,0.0,2.3435332775115967,0.0
465,221,7,3,3.0451571941375732,0.0,2.3435332775115967,0.0
466,221,7,4,-3.0179893573125205,5.494863821658548e-14,1.5704652269681294,2.368475784631744e-15
467,222,7,0,3.0453808307647705,0.0,2.343263864517212,0.0
468,222,7,1,3.045380115509033,0.0,2.343263626098633,0.0
469,222,7,2,-3.018073320388794,0.0,1.5708191394805908,0.0
470,222,7,3,-3.018073558807373,0.0,1.5708190202713013,0.0
471,223,7,0,3.0456002354621887,2.72036361932479e-13,2.3429999351501465,0.0
472,223,7,1,-3.0181518622807095,5.088839403941769e-13,1.5711674009050642,1.8271098914976245e-14
473,224,7,0,3.045818567276001,0.0,2.3427417278289795,0.0
474,224,7,1,3.0458178520202637,0.0,2.3427414894104004,0.0
475,224,7,2,-3.018224000930786,2.0463630789890886e-13,1.5715103149414062,0.0
476,225,7,0,3.0460331439971924,0.0,2.3424885272979736,0.0
477,225,7,1,3.046032667160034,0.0,2.3424882888793945,0.0
478,225,7,2,-3.0182912349700928,0.0,1.571847915649414,0.0
479,225,7,3,-3.01829195022583,0.0,1.5718477964401243,0.0
480,226,7,0,3.0462460782792835,2.336896108646742e-13,2.342240571975708,0.0
481,226,7,1,-3.0183540980021157,2.880066555360163e-13,1.5721802512804668,2.3684757833082552e-15
482,227,7,0,3.046457290649414,1.1368683770838114e-13,2.3419978618621826,0.0
483,227,7,1,-3.0184123277664185,1.5726679218683012e-13,1.572507655620575,3.315866099964042e-15
484,228,7,0,3.0466666221618652,0.0,2.3417599201202393,0.0
485,228,7,1,3.046666145324707,0.0,2.3417599201202393,0.0
486,228,7,2,-3.0184653997421265,1.7053025656477752e-13,1.5728301703929901,3.552713681006316e-15
487,229,7,0,3.046874016523361,1.0455128825840405e-13,2.341526985168457,0.0
488,229,7,1,-3.01851487159729,0.0,1.5731480121612549,0.0
489,229,7,2,-3.0185158252716064,0.0,1.573147892951965,0.0
490,230,7,0,3.0470800399780273,0.0,2.3412985801696777,0.0
491,230,7,1,3.047079563140869,0.0,2.341298341751098,0.0
492,230,7,2,3.047079086303711,0.0,2.341298341751098,0.0
493,230,7,3,-3.018561363220215,0.0,1.5734610557556152,0.0
494,230,7,4,-3.018561840057373,0.0,1.5734609365463257,0.0
495,231,7,0,3.0472836759355335,1.200027730650931e-13,2.341074440214369,6.315935423096495e-15
496,231,7,1,-3.0186036427815757,2.8800665551766393e-13,1.573769549528758,2.3684757938961672e-15
497,232,7,0,3.0474859150973233,4.351105334097412e-13,2.34085464477539,0.0
498,232,7,1,-3.018641948699951,3.031649009203777e-13,1.574073702096939,1.3026616822268503e-14
499,233,7,0,3.0476870059967043,1.7431981792047172e-13,2.34063925743103,1.515824502560868e-14
500,233,7,1,-3.01867733001709,1.0231815393886651e-13,1.5743735313415528,4.263256411913623e-15
501,234,7,0,3.0478863375527516,5.197112583092316e-13,2.34042797769819,1.624097681594519e-14
502,234,7,1,-3.0187103152275085,2.2331343128883906e-13,1.5746691823005676,4.060244203497117e-15
503,235,7,0,3.048085451126098,0.0,2.3402206897735596,0.0
504,235,7,1,3.0480844974517822,0.0,2.3402204513549805,0.0
505,235,7,2,3.048084020614624,0.0,2.3402204513549805,0.0
506,235,7,3,-3.018738842010498,2.7284841056099523e-13,1.5749608993530273,1.1368683769514625e-14
507,236,7,0,3.048282038081776,9.508353695129742e-14,2.3400171236558394,9.301650346708609e-15
508,236,7,1,-3.018765449523926,1.1368683772161603e-13,1.5752485394477844,4.736951571734001e-15
509,237,7,0,3.0484772788153753,3.994829159094756e-13,2.339817656411065,1.5789838570976127e-14
510,237,7,1,-3.0187896887461343,6.063298016478203e-14,1.5755326350529988,3.78956125632841e-15
511,238,7,0,3.048672982624599,7.146029797881465e-13,2.3396216460636685,1.6240976849263502e-14
512,238,7,1,-3.018810987472534,3.5730148994948576e-13,1.5758126080036163,7.105427358780439e-15
513,239,7,0,3.0488659805721703,3.521133998216374e-13,2.3394291400909424,0.0
514,239,7,1,-3.018830100695292,3.2211270694849815e-14,1.576089044411977,2.3684757859552334e-15
515,240,7,0,3.049058437347412,0.0,2.339240074157715,0.0
516,240,7,1,3.049057960510254,0.0,2.339240074157715,0.0
517,240,7,2,-3.018846321105957,4.0927261578193584e-13,1.5763618707656861,2.8421709423786563e-15
518,241,7,0,3.049249670722268,1.8706652383722215e-13,2.3390543244101782,5.167583533959594e-15
519,241,7,1,-3.0188613533973694,2.415845302201969e-13,1.576631247997284,4.736951567322371e-15
520,242,7,0,3.0494394302368164,3.2481953633991156e-13,2.33887180685997,1.522591577006926e-14
521,242,7,1,-3.018873623439244,1.6511659767039948e-13,1.5768973657063075,2.0301221016150093e-15
522,243,7,0,3.0496289014816282,2.659008815505905e-13,2.338692474365234,1.0105496692686872e-14
523,243,7,1,-3.01888370513916,2.2737367545646695e-13,1.577160120010376,0.0
524,244,7,0,3.0498174826304116,1.421085471619462e-13,2.3385159969329834,0.0
525,244,7,1,-3.0188920895258584,1.686354759554951e-13,1.5774195392926533,2.3684757872787223e-15
526,245,7,0,3.0500048995018005,2.842170942755896e-14,2.338342666625977,0.0
527,245,7,1,-3.0188984870910645,0.0,1.5776760578155518,0.0
528,246,7,0,3.050191116333008,1.3642420526388516e-13,2.3381724119186402,5.684341888302955e-15
529,246,7,1,-3.01890344619751,6.821210263032264e-14,1.5779294490814209,4.263256411913623e-15
530,247,7,0,3.0503764802759346,1.1472035442980332e-13,2.3380045890808105,0.0
531,247,7,1,-3.018907368183136,9.000207983647624e-14,1.5781797170639038,9.473903134644743e-15
532,248,7,0,3.0505606532096863,1.2586757033086492e-13,2.3378396034240723,0.0
533,248,7,1,-3.0189083303724016,2.409078228970907e-13,1.5784273488180978,3.3835368397048744e-15
534,249,7,0,3.050744692484538,1.705302567719981e-13,2.3376771344078913,1.5789838564358683e-14
535,249,7,1,-3.0189086198806763,8.526512828591807e-14,1.5786721507708232,2.3684757886022112e-15
536,250,7,0,3.050926685333252,2.7284841061658597e-13,2.3375174782492896,5.1675835279880414e-15
537,250,7,1,-3.0189079642295837,5.210646726260423e-14,1.5789141058921814,4.736951567322371e-15
538,251,7,0,3.05110862520006,1.76846192069048e-13,2.3373599317338734,6.3159354304071965e-15
539,251,7,1,-3.0189044078191123,3.505344162829051e-13,1.5791532397270203,4.263256394620033e-15
540,252,7,0,3.0512888431549072,2.728484105636422e-13,2.3372049729029336,9.473903143820934e-15
541,252,7,1,-3.018899997075399,2.273736753902925e-13,1.5793899562623765,9.868649119811365e-15
542,253,7,0,3.0514700412750244,3.789561257154715e-14,2.337052345275879,0.0
543,253,7,1,-3.0188939571380615,0.0,1.579624056816101,0.0
544,253,7,2,-3.0188944339752197,0.0,1.5796239376068115,0.0
545,254,7,0,3.0516495921395044,9.260309691491092e-13,2.336902076547796,1.2402200476275681e-14
546,254,7,1,-3.018887162208557,5.684341884316149e-14,1.5798556804656982,0.0
547,255,7,0,3.051827907562256,0.0,2.336753845214844,0.0
548,255,7,1,3.0518269538879395,0.0,2.336753845214844,0.0
549,255,7,2,-3.0188798904418945,1.51582450260195e-13,1.5800848305225372,3.552713681006316e-15
550,256,7,0,3.0520050823688507,2.9944301006465583e-13,2.336607813835144,1.624097681398847e-14
551,256,7,1,-3.0188703196389333,3.6812880802517184e-13,1.58031165599823,9.47390314096808e-15
552,257,7,0,3.052181661128998,3.5324124578544115e-13,2.3364638090133667,1.6240976748948437e-14
553,257,7,1,-3.018859488623483,1.4887562085491646e-13,1.5805360760007585,4.060244204973662e-15
554,258,7,0,3.0523573398590087,2.551637912700117e-13,2.336321806907654,5.684341885978098e-15
555,258,7,1,-3.0188475131988524,1.136868377613207e-14,1.5807581901550294,2.8421709440330175e-15
556,259,7,0,3.0525320172309875,3.045183153045094e-13,2.3361816704273224,7.105427359401667e-15
557,259,7,1,-3.018833977835519,4.141449090608383e-13,1.580978342464992,4.060244203986298e-15
558,260,7,0,3.0527061115611684,2.656137937168442e-13,2.3360434878956187,1.5502750587346754e-14
559,260,7,1,-3.0188194513320923,5.684341887845453e-14,1.581196278333664,3.552713676594686e-15
560,261,7,0,3.052879810333252,0.0,2.335907459259033,0.0
561,261,7,1,3.0528788566589355,0.0,2.335907220840454,0.0
562,261,7,2,-3.0188041925430293,5.684341896668713e-14,1.5814120769500732,0.0
563,262,7,0,3.053052165291526,3.9170283172003645e-13,2.335772926157171,1.2402200489023956e-14
564,262,7,1,-3.0187878012657166,1.2789769248093434e-13,1.5816259384155271,0.0
565,263,7,0,3.0532230649675642,1.840644039594783e-13,2.3356399536132812,0.0
566,263,7,1,-3.0187705159187317,1.7459050080423393e-13,1.5818376243114471,7.105427359491701e-15
567,264,7,0,3.0533939202626548,6.972792710677244e-13,2.335509022076925,9.473903143820934e-15
568,264,7,1,-3.018751780192057,1.8474111120189368e-13,1.5820475419362385,3.552713679800996e-15
569,265,7,0,3.05356350812045,4.805852685657214e-13,2.3353796005249023,0.0
570,265,7,1,-3.018731951713562,1.7053025656477752e-13,1.582255482673645,9.473903134644743e-15
571,266,7,0,3.0537318099628794,4.0203799880619216e-13,2.3352518298409204,5.1675835286656374e-15
572,266,7,1,-3.0187108516693115,2.2737367544323206e-13,1.5824615955352783,0.0
573,267,7,0,3.053900384902954,4.446418541339192e-13,2.3351258039474487,1.5789838587754325e-14
574,267,7,1,-3.0186891078948976,1.5347723090829977e-13,1.5826659202575684,0.0
575,268,7,0,3.0540673997667103,2.0526790150704628e-13,2.3350011242760553,1.5789838567667405e-14
576,268,7,1,-3.0186657905578613,3.410605131436723e-13,1.5828685363133752,9.473903181937418e-15
577,269,7,0,3.0542333126068115,2.273736754685254e-13,2.3348779678344727,0.0
578,269,7,1,-3.0186418294906616,9.744586093215262e-14,1.5830693989992142,3.806478940626616e-15
579,270,7,0,3.0543991194831,6.694891555739521e-13,2.3347563213772244,1.105288697359165e-14
580,270,7,1,-3.0186168352762857,1.743198178242823e-13,1.5832685629526775,3.789561258975388e-15
581,271,7,0,3.0545627805921765,3.1895473920055397e-13,2.3346357345581055,0.0
582,271,7,1,-3.0185911655426025,1.3642420538593558e-13,1.5834659735361736,9.473903147703167e-15
583,272,7,0,3.0547263622283936,1.8474111135983004e-13,2.334516763687134,0.0
584,272,7,1,-3.018563230832418,3.5053441627655235e-13,1.5836618343989055,3.789561258975388e-15
585,273,7,0,3.054888884226481,4.547473508699205e-13,2.3343990643819175,1.4210854720842586e-14
586,273,7,1,-3.018535296122233,1.515824503590155e-14,1.5838559468587239,3.789561246446359e-15
587,274,7,0,3.055050637986925,1.4842448259975863e-13,2.3342826101515026,6.315935427098474e-15
588,274,7,1,-3.0185054937998452,3.7895612580224755e-14,1.5840486486752832,2.3684757753673214e-15
589,275,7,0,3.0552107095718384,8.52651283176818e-14,2.33416748046875,0.0
590,275,7,1,-3.0184755855136447,6.789630586446177e-14,1.584239814016554,2.763221742369845e-15
591,276,7,0,3.0553707811567516,1.7684619187392791e-13,2.3340534369150796,1.4210854722638753e-14
592,276,7,1,-3.0184444983800254,1.686354759336134e-13,1.5844294627507527,3.789561262416459e-15
593,277,7,0,3.0555292129516602,1.5410882445199594e-13,2.3339405059814453,0.0
594,277,7,1,-3.0184123039245607,3.8085090635153183e-13,1.5846174955368042,1.4210854715202004e-14
595,278,7,0,3.0556869723580102,1.8706652379561757e-13,2.333828926086426,0.0
596,278,7,1,-3.0183786153793335,1.7053025658242404e-13,1.5848042964935305,0.0
597,279,7,0,3.05584454536438,0.0,2.3337182998657227,0.0
598,279,7,1,3.0558440685272217,0.0,2.3337182998657227,0.0
599,279,7,2,3.0558435916900635,0.0,2.3337182998657227,0.0
600,279,7,3,-3.0183446407318115,0.0,1.5849895477294922,0.0
601,279,7,4,-3.01834487915039,0.0,1.5849895477294922,0.0
602,280,7,0,3.055999907580289,8.216457817526749e-13,2.3336089957844126,1.5502750599845993e-14
603,280,7,1,-3.0183091163635254,7.579122518303706e-14,1.5851736664772034,4.736951561440198e-15
604,281,7,0,3.056154833899604,5.558023178475568e-13,2.3335005972120495,6.315935424750856e-15
605,281,7,1,-3.0182727177937827,1.9705718531919528e-13,1.5853562752405803,3.789561262416459e-15
606,282,7,0,3.0563089251518245,6.090366314906244e-14,2.3333933353424072,0.0
607,282,7,1,-3.0182349341256276,2.9233758268751764e-13,1.5855376039232527,8.797195794501237e-15
608,283,7,0,3.0564623143937855,4.610632861768388e-13,2.333286762237549,0.0
609,283,7,1,-3.0181968212127686,3.410605131383783e-13,1.5857173800468445,4.263256414560601e-15
610,284,7,0,3.056613564491272,2.9233758269003856e-13,2.333181470632553,1.5225915772896303e-14
611,284,7,1,-3.018157754625593,3.4918100162332333e-13,1.5858961854662215,8.79719577799964e-15
612,285,7,0,3.056764841079712,1.5631940186517378e-13,2.3330774307250977,0.0
613,285,7,1,-3.01811683177948,8.526512828591807e-14,1.586073875427246,0.0
614,286,7,0,3.056915760040283,0.0,2.3329739570617676,0.0
615,286,7,1,3.056914806365967,0.0,2.3329737186431885,0.0
616,286,7,2,-3.0180752277374268,0.0,1.586250066757202,0.0
617,286,7,3,-3.018075942993164,0.0,1.586249828338623,0.0
618,287,7,0,3.0570642948150635,0.0,2.332871198654175,0.0
619,287,7,1,3.0570640563964844,0.0,2.332871198654175,0.0
620,287,7,2,3.0570638179779053,0.0,2.332871198654175,0.0
621,287,7,3,3.057063341140747,0.0,2.332871198654175,0.0
622,287,7,4,-3.018033266067505,0.0,1.5864248275756836,0.0
623,288,7,0,3.0572117241946133,3.100550119756157e-13,2.3327697840603916,1.4469233890665604e-14
624,288,7,1,-3.01798939704895,7.579122514774402e-14,1.5865988731384275,0.0
625,289,7,0,3.0573581324683294,2.573743687294102e-13,2.332669072681003,1.1052886992766485e-14
626,289,7,1,-3.0179452101389566,1.5158245039077925e-14,1.586771587530772,2.3684757859552334e-15
627,290,7,0,3.057504177093506,8.526512829782947e-14,2.332569360733032,0.0
628,290,7,1,-3.01789927482605,0.0,1.5869433879852295,0.0
629,291,7,0,3.057648526297675,4.4211548015503653e-13,2.332470284567939,1.5789838619682624e-14
630,291,7,1,-3.017852703730265,6.06329801436062e-14,1.587113857269287,0.0
631,292,7,0,3.057793140411377,0.0,2.3323721885681152,0.0
632,292,7,1,3.0577919483184814,0.0,2.332371950149536,0.0
633,292,7,2,-3.01780456966824,9.631801528328525e-14,1.5872831344604492,0.0
634,293,7,0,3.0579352378845215,2.790495107864552e-13,2.332274576028188,1.5072118624396416e-14
635,293,7,1,-3.017756382624308,1.8947806295759265e-14,1.5874513387680054,0.0
636,294,7,0,3.058077010241422,8.268133653648357e-14,2.332177899100564,5.167583534148281e-15
637,294,7,1,-3.0177061557769775,0.0,1.5876185894012451,0.0
638,294,7,2,-3.017707109451294,0.0,1.5876184701919556,0.0
639,295,7,0,3.0582179001399448,2.057190397426144e-13,2.3320819650377547,1.3534147353945699e-14
640,295,7,1,-3.0176558792591095,2.344791028155805e-13,1.58778478205204,5.836601042051055e-15
641,296,7,0,3.0583572586377463,9.775345521908266e-14,2.3319867054621377,8.612639220742511e-15
642,296,7,1,-3.0176037152608237,1.8947806295759265e-14,1.5879498322804768,4.736951573939816e-15
643,297,7,0,3.058496024873522,2.1947875610645355e-13,2.331892490386963,0.0
644,297,7,1,-3.0175519386927285,3.277970488119914e-13,1.5881139834721882,3.789561258975388e-15
645,298,7,0,3.0586340210654517,4.030715155490133e-13,2.3317987702109595,5.167583533959594e-15
646,298,7,1,-3.0174980759620667,2.4158453015843406e-13,1.588277131319046,3.552713678800501e-15
647,299,7,0,3.0587693623134067,4.1414490880185466e-13,2.3317057405199324,1.3534147349534068e-14
648,299,7,1,-3.0174437165260315,6.090366306673603e-14,1.5884392261505127,0.0
649,300,7,0,3.0589046080907187,3.732717838596979e-13,2.331613381703695,1.515824502531364e-14
650,300,7,1,-3.0173878404829235,1.626353372596262e-13,1.5886005957921345,3.552713681372639e-15
