,x,y,epoch,batch
0,0.08409599253685844,0.09318276162240438,0.0,0.0
1,0.08384463725545965,0.09327578326322049,0.0,0.0
2,0.07477702264818961,0.06526141742890784,0.0,0.0
3,0.0911935100789992,0.03716734574159961,0.0,0.0
4,0.09131296466046247,0.037259312235883864,0.0,0.0
5,0.07480185901849112,0.06510440812892578,0.0,0.0
6,0.07479269893985296,0.06529793717005244,0.0,0.0
7,0.07473102314131722,0.0651960383338253,0.0,0.0
8,0.09132949435582235,0.0372491241078144,0.0,0.0
9,0.08387621485332684,0.09295736496210966,0.0,0.0
10,0.09126738225924433,0.037379380385519224,0.0,0.0
11,0.08399580419665616,0.09313142004548138,0.0,0.0
12,0.08382219424819431,0.09335512596553316,0.0,0.0
13,0.09118208618985109,0.037392201311556,0.0,0.0
14,0.09119274072420386,0.03716980876203265,0.0,0.0
15,0.07488643950089002,0.06522680499873512,0.0,0.0
16,0.0747807708388849,0.06510479582089586,0.0,0.0
17,0.07473399114112053,0.0651868657325769,0.0,0.0
18,0.09133641626740283,0.03711749730101264,0.0,0.0
19,0.09113609446704446,0.03738777618741056,0.0,0.0
20,0.09117815413406336,0.03732095336843704,0.0,0.0
21,0.074748891135575,0.06523504652215549,0.0,0.0
22,0.08387919488824071,0.09309551782472482,0.0,0.0
23,0.07481969162010692,0.06524891192633371,0.0,0.0
24,0.08378687531762789,0.0931356549491301,0.0,0.0
25,0.08384086766572502,0.09350545852703201,0.0,0.0
26,0.09122046747642586,0.03736968540309838,0.0,0.0
27,0.07484686412750274,0.06518518665651546,0.0,0.0
28,0.0839128652743986,0.09297457573888639,0.0,0.0
29,0.08397138298810577,0.09323198316603797,0.0,0.0
30,0.08784924184663677,0.06595697542724643,0.0,1.0
31,0.04653971355805146,0.03584280984526147,0.0,1.0
32,0.08787899358885976,0.06592214277685425,0.0,1.0
33,0.023142736447134778,0.06551324629939372,0.0,1.0
34,0.046317262022393814,0.03552909820102936,0.0,1.0
35,0.08800801024449337,0.06585248325407202,0.0,1.0
36,0.046546921711503854,0.035507172365884826,0.0,1.0
37,0.023371515677604728,0.06568697915364854,0.0,1.0
38,0.023384066219389207,0.06566149532854426,0.0,1.0
39,0.023234191100928708,0.06570524187741167,0.0,1.0
40,0.04645421966425363,0.03565527594286988,0.0,1.0
41,0.08806351859510851,0.06608150782668056,0.0,1.0
42,0.04646998365139353,0.0355622671497603,0.0,1.0
43,0.02317745316025159,0.06569793496370342,0.0,1.0
44,0.02319693142813402,0.06590231870973655,0.0,1.0
45,0.04660765701623905,0.03560586053509108,0.0,1.0
46,0.08787530112541178,0.06596682399316875,0.0,1.0
47,0.08773856522346986,0.06604546481858564,0.0,1.0
48,0.046425708905442495,0.03541539805278486,0.0,1.0
49,0.04651307510241057,0.035676141627576,0.0,1.0
50,0.023311203956106016,0.06563967378629287,0.0,1.0
51,0.08792735206109835,0.06606260162086208,0.0,1.0
52,0.08782502648640898,0.06593945077070809,0.0,1.0
53,0.0877811681383686,0.06584289469743229,0.0,1.0
54,0.04670103772624784,0.03574677841820118,0.0,1.0
55,0.04672037881865084,0.03564554795519153,0.0,1.0
56,0.02333604760964692,0.06573406941510668,0.0,1.0
57,0.08808026364343714,0.06588991354419972,0.0,1.0
58,0.02332315854430607,0.06561038176754681,0.0,1.0
59,0.02323263201351843,0.06573320466256782,0.0,1.0
60,0.018117425066048222,0.004548274176867555,0.0,2.0
61,0.01836352156428395,0.004512621669014336,0.0,2.0
62,0.02590690135451448,0.04264753293174449,0.0,2.0
63,0.018232838712606697,0.0045841802464269,0.0,2.0
64,0.0260723898521546,0.0428554552116061,0.0,2.0
65,0.018306329700553032,0.004609297222389829,0.0,2.0
66,0.02609382644857899,0.0427910788610083,0.0,2.0
67,0.007116316356789711,0.07272466259008244,0.0,2.0
68,0.018255187869987623,0.00430639346428972,0.0,2.0
69,0.007057013482969278,0.07291525724843047,0.0,2.0
70,0.025869822393488277,0.04290854225580384,0.0,2.0
71,0.02607946358787382,0.042494754530793294,0.0,2.0
72,0.007055621021855519,0.07285095502589853,0.0,2.0
73,0.026133997785289846,0.04280250636298329,0.0,2.0
74,0.018198694533324473,0.004587769382309066,0.0,2.0
75,0.007055725066121302,0.07269423272089041,0.0,2.0
76,0.018179934698335242,0.004556213348621236,0.0,2.0
77,0.025853240791948107,0.04278409126426835,0.0,2.0
78,0.018190866479185393,0.0045728471804302685,0.0,2.0
79,0.007209245150151922,0.072884689417597,0.0,2.0
80,0.02614058889446994,0.04277670328221528,0.0,2.0
81,0.01782895835050309,0.004425321037956289,0.0,2.0
82,0.006952989873644522,0.0728508675404638,0.0,2.0
83,0.006939445066060276,0.07281700003081526,0.0,2.0
84,0.007015566254143566,0.07293450389595546,0.0,2.0
85,0.006991079084778722,0.072809828222721,0.0,2.0
86,0.0068973701121098005,0.07282188030534094,0.0,2.0
87,0.02595625314032892,0.04269218014088352,0.0,2.0
88,0.02607178569933217,0.04262390958151259,0.0,2.0
89,0.018309611576590713,0.004463849884093317,0.0,2.0
90,0.08841129696013014,0.0484825581532392,0.0,3.0
91,0.06267801946434506,0.08445267952208595,0.0,3.0
92,0.0626508281042456,0.08459844958560842,0.0,3.0
93,0.08865536514161179,0.04843402385155778,0.0,3.0
94,0.06239615006503543,0.08468988889932264,0.0,3.0
95,0.0713076862769679,0.0633590796652428,0.0,3.0
96,0.08837154145937082,0.048205142181072115,0.0,3.0
97,0.08854323635554716,0.04816971048600902,0.0,3.0
98,0.07150855081443992,0.0632731118625201,0.0,3.0
99,0.08867553300761764,0.048436438991285545,0.0,3.0
100,0.07138952950847727,0.06335487022514143,0.0,3.0
101,0.062416034296236836,0.08456649986109581,0.0,3.0
102,0.06244619780143736,0.08429344977124134,0.0,3.0
103,0.06252126768102752,0.08449599945317803,0.0,3.0
104,0.088470476363522,0.04828036875777638,0.0,3.0
105,0.062451377540494596,0.0845508943334271,0.0,3.0
106,0.07121579753814627,0.06324344484750155,0.0,3.0
107,0.07114464342590147,0.06334115989304917,0.0,3.0
108,0.08875171370054843,0.04829451416861445,0.0,3.0
109,0.06243561998883793,0.08438816069447128,0.0,3.0
110,0.08867825894350159,0.04848827340218659,0.0,3.0
111,0.07130147079390732,0.06337130562630139,0.0,3.0
112,0.0626235156878802,0.08439975774481556,0.0,3.0
113,0.08842358043792109,0.04807497158290777,0.0,3.0
114,0.06247912429001684,0.08442992993633132,0.0,3.0
115,0.07137839376932126,0.0633608892020214,0.0,3.0
116,0.08864846970886615,0.04831764574458242,0.0,3.0
117,0.07128991763982932,0.06342543399681219,0.0,3.0
118,0.0713891757383503,0.06342167505486922,0.0,3.0
119,0.07130966056733039,0.06330170688570746,0.0,3.0
120,0.012341262060707622,0.02285875222350968,0.0,4.0
121,0.012095021629862741,0.02283482685137642,0.0,4.0
122,0.016768210993777986,0.06873377884682144,0.0,4.0
123,0.09461085061198538,0.013805845015000203,0.0,4.0
124,0.01705856577714744,0.06876932731472624,0.0,4.0
125,0.016903826320358924,0.06858356890685786,0.0,4.0
126,0.09462956949871758,0.013676568385520086,0.0,4.0
127,0.09483105787409171,0.013849158483703293,0.0,4.0
128,0.012177679171743455,0.022779779542308018,0.0,4.0
129,0.012146955211252187,0.022853495123663182,0.0,4.0
130,0.016810512367056746,0.06870930363175404,0.0,4.0
131,0.016992870820619416,0.0687212905558564,0.0,4.0
132,0.012170259572496265,0.022775818660630342,0.0,4.0
133,0.012248589854111046,0.022840763365556897,0.0,4.0
134,0.012362360617333864,0.022749291590874837,0.0,4.0
135,0.016721565966150608,0.06855290517338826,0.0,4.0
136,0.0947688796785534,0.013555175898290686,0.0,4.0
137,0.01700393197801367,0.06868848719426321,0.0,4.0
138,0.09462075258210383,0.01356773623740886,0.0,4.0
139,0.094743319010369,0.013470267039163934,0.0,4.0
140,0.012324520703259604,0.02286529487601898,0.0,4.0
141,0.017056227245221465,0.0685875358466032,0.0,4.0
142,0.01693976695322023,0.06890624605981341,0.0,4.0
143,0.01212664999936564,0.022814929174781447,0.0,4.0
144,0.012124338760504044,0.022786975492356334,0.0,4.0
145,0.09456082969360528,0.01375905920755239,0.0,4.0
146,0.09467993716249778,0.01354613471837503,0.0,4.0
147,0.09469320947670198,0.01355826501901099,0.0,4.0
148,0.016900596703204252,0.06877627306143799,0.0,4.0
149,0.09470056305997064,0.013664788160412283,0.0,4.0
150,0.014630019144232814,0.07260635628409749,0.0,5.0
151,0.07504868698786998,0.0602182779887695,0.0,5.0
152,0.02269921457437646,0.07401158559551564,0.0,5.0
153,0.07516830840388776,0.06018402934948237,0.0,5.0
154,0.014310656327727472,0.07276961970994765,0.0,5.0
155,0.022826027819319035,0.0738272685957721,0.0,5.0
156,0.07526085082793688,0.06032431657607624,0.0,5.0
157,0.014261458400884332,0.07272995909026846,0.0,5.0
158,0.022671185430346782,0.07396365281447474,0.0,5.0
159,0.014454239213313166,0.07251649767824205,0.0,5.0
160,0.07507906756091949,0.06027278176768661,0.0,5.0
161,0.014336300672513114,0.07269957069332766,0.0,5.0
162,0.014451413571045938,0.07268376770402336,0.0,5.0
163,0.022777860187496436,0.07390875402428848,0.0,5.0
164,0.02281008208190453,0.07400531799614857,0.0,5.0
165,0.07512086633470207,0.06032832741540282,0.0,5.0
166,0.014464622241883126,0.07261712686941502,0.0,5.0
167,0.07518896226689888,0.060346437772408036,0.0,5.0
168,0.022774385403496803,0.07377913870717603,0.0,5.0
169,0.07519925950228902,0.060206687598775795,0.0,5.0
170,0.07525219887926601,0.060351206239864556,0.0,5.0
171,0.022781484505709423,0.07371612565078017,0.0,5.0
172,0.022846493248588045,0.07377771936703488,0.0,5.0
173,0.022740760247171726,0.07386609595313198,0.0,5.0
174,0.014184477021191282,0.07273449480046823,0.0,5.0
175,0.01423808525138229,0.0727877407039829,0.0,5.0
176,0.0227497688953538,0.07400709111082308,0.0,5.0
177,0.07510886903830333,0.06020017079497828,0.0,5.0
178,0.07526183550494525,0.06020783380735587,0.0,5.0
179,0.0143990435946355,0.07261006928920587,0.0,5.0
180,0.08173537520748433,0.00491557082702507,0.0,6.0
181,0.021732701652982484,0.02899778805699301,0.0,6.0
182,0.08156082364734386,0.0048866246484347235,0.0,6.0
183,0.05678673712192686,0.040680144847919666,0.0,6.0
184,0.021682750761531207,0.029013457231785465,0.0,6.0
185,0.02151054283717453,0.02899955860817426,0.0,6.0
186,0.08161431679997933,0.0050506860084140156,0.0,6.0
187,0.08155849091152349,0.004950665806101378,0.0,6.0
188,0.056832970136394,0.040551788042594725,0.0,6.0
189,0.021604341060395004,0.02895589777618073,0.0,6.0
190,0.05683562582750552,0.04078640067183633,0.0,6.0
191,0.08173030574288137,0.00495857382711693,0.0,6.0
192,0.056825600498325295,0.040664551027605175,0.0,6.0
193,0.056721966634268525,0.04053450226445898,0.0,6.0
194,0.08163360831196838,0.005074209473377265,0.0,6.0
195,0.08154767675624641,0.005064546349301233,0.0,6.0
196,0.02133793836258732,0.02901246621769124,0.0,6.0
197,0.02171951670294997,0.02914869983065009,0.0,6.0
198,0.0816095474482842,0.00482558774104413,0.0,6.0
199,0.08185777927978068,0.004992096710969478,0.0,6.0
200,0.056880480211127016,0.040591593542418716,0.0,6.0
201,0.05663403932375285,0.04072458975396787,0.0,6.0
202,0.05666548273467734,0.040575167431965285,0.0,6.0
203,0.021701862948830024,0.028884782678382247,0.0,6.0
204,0.08161871646253084,0.004865807910352781,0.0,6.0
205,0.02184654025063705,0.02903593444819838,0.0,6.0
206,0.056857166600615454,0.04046138819268723,0.0,6.0
207,0.021608293731076297,0.02878146770070065,0.0,6.0
208,0.05675343107002679,0.04073679341410997,0.0,6.0
209,0.021499509494006915,0.028800431562431096,0.0,6.0
210,0.08345666157063865,0.09799159748522795,0.0,7.0
211,0.06315598921746612,0.0826321319587948,0.0,7.0
212,0.08342072800853767,0.09774094686129685,0.0,7.0
213,0.004664496853692594,0.03627539105823889,0.0,7.0
214,0.0628134816407138,0.08251944048270168,0.0,7.0
215,0.08340012321664916,0.09799209976251022,0.0,7.0
216,0.08362573316299826,0.09794052729949278,0.0,7.0
217,0.08345457401582218,0.09786601745239017,0.0,7.0
218,0.08342759203465598,0.09811543665305139,0.0,7.0
219,0.004745959636600679,0.03639162477246313,0.0,7.0
220,0.08341990048214461,0.09812984168570826,0.0,7.0
221,0.004479670221067704,0.03637417771298874,0.0,7.0
222,0.06303787260962783,0.08263328406214936,0.0,7.0
223,0.06295472694415502,0.08255165099478713,0.0,7.0
224,0.004858753050864329,0.036119241761941825,0.0,7.0
225,0.0047297665153085465,0.03641550681085686,0.0,7.0
226,0.06304574999456468,0.08257950822631102,0.0,7.0
227,0.06310455893227732,0.08270365969803896,0.0,7.0
228,0.004795807088771086,0.03636203484494024,0.0,7.0
229,0.08336096962289968,0.09794931642717733,0.0,7.0
230,0.06291551148812845,0.0827286309224929,0.0,7.0
231,0.004567081486532754,0.03636108012987897,0.0,7.0
232,0.06324952347389508,0.08253532510070531,0.0,7.0
233,0.06284050863571065,0.08260273828850064,0.0,7.0
234,0.06298649882929222,0.08251735911398586,0.0,7.0
235,0.08332594463574956,0.09786430523372909,0.0,7.0
236,0.08325767770459422,0.09802402232387818,0.0,7.0
237,0.004717805512921873,0.036411670215690355,0.0,7.0
238,0.0046596522331910336,0.036246104420933366,0.0,7.0
239,0.004629297688977103,0.0363833646363386,0.0,7.0
240,0.013074824410562865,0.014152535165466433,0.0,8.0
241,0.05716719453270269,0.003674768474147106,0.0,8.0
242,0.06477023497601715,0.09101761730974076,0.0,8.0
243,0.06462899041614735,0.09087841686578069,0.0,8.0
244,0.0646802750996947,0.09095167695446899,0.0,8.0
245,0.013102455811740969,0.014108273863067526,0.0,8.0
246,0.06468067740703722,0.09072813837961495,0.0,8.0
247,0.01305851914996032,0.014020786255845538,0.0,8.0
248,0.05727967181263431,0.0037472293989321472,0.0,8.0
249,0.013053633915826096,0.013973696997632342,0.0,8.0
250,0.05717722822840683,0.0036167910119465126,0.0,8.0
251,0.057315816870655734,0.003714436349719887,0.0,8.0
252,0.06473319194459215,0.09097522504511764,0.0,8.0
253,0.0646112867707278,0.09122548202830175,0.0,8.0
254,0.012988910320062354,0.014102254181767923,0.0,8.0
255,0.012905647144120116,0.01417563957676352,0.0,8.0
256,0.05723577211464733,0.003575132586566554,0.0,8.0
257,0.0648232840591623,0.09106374756500565,0.0,8.0
258,0.05710087514512462,0.003867184018399829,0.0,8.0
259,0.057230617218309035,0.003767337248643802,0.0,8.0
260,0.06474940295241446,0.09092915885346177,0.0,8.0
261,0.05734097392484549,0.003855891364983817,0.0,8.0
262,0.01313621032053111,0.014033119846831123,0.0,8.0
263,0.013109225941450472,0.014172408447385786,0.0,8.0
264,0.05717009306358401,0.0038069925905913475,0.0,8.0
265,0.01327224838436417,0.013999374545310793,0.0,8.0
266,0.06456482546688508,0.09090872963723742,0.0,8.0
267,0.012942751033429109,0.014131054988766526,0.0,8.0
268,0.0647946483378529,0.09102825645731297,0.0,8.0
269,0.05704822661931376,0.0038495913505073452,0.0,8.0
270,0.06407225026492967,0.06688012483291952,0.0,9.0
271,0.03365684082824352,0.06776176806376985,0.0,9.0
272,0.04639339888078519,0.0855078408954039,0.0,9.0
273,0.03346092680151835,0.06773051500145302,0.0,9.0
274,0.03350231926592837,0.06769036772590202,0.0,9.0
275,0.04620798238094576,0.08544066503742283,0.0,9.0
276,0.03369629842379281,0.0673526612726892,0.0,9.0
277,0.04616035499982953,0.08526180645721909,0.0,9.0
278,0.03343572500084314,0.06757933917147306,0.0,9.0
279,0.03346527069739207,0.0676689025810303,0.0,9.0
280,0.03371650672524707,0.06761667428643844,0.0,9.0
281,0.06400951974963838,0.06668133777101762,0.0,9.0
282,0.06421486106997493,0.066956175674566,0.0,9.0
283,0.06402482190623833,0.06692952937100884,0.0,9.0
284,0.0638632542512475,0.06694035801683437,0.0,9.0
285,0.046346210115051696,0.0854008443236846,0.0,9.0
286,0.06414008164803088,0.06686096096952432,0.0,9.0
287,0.033410737751152185,0.0674813880647087,0.0,9.0
288,0.04640488644108732,0.0852996228500693,0.0,9.0
289,0.03354057030109595,0.06752841080414888,0.0,9.0
290,0.04617065402683972,0.08550415090177241,0.0,9.0
291,0.06412472362062797,0.06693893079912944,0.0,9.0
292,0.06399583771435625,0.06697332237481579,0.0,9.0
293,0.06418071901389548,0.06696217318352035,0.0,9.0
294,0.046408886083443256,0.08532868436713949,0.0,9.0
295,0.04636876909413703,0.0855494473930245,0.0,9.0
296,0.04629121275818266,0.08546290960255148,0.0,9.0
297,0.06414106767823644,0.06703772993093605,0.0,9.0
298,0.03360039256557621,0.06775296994514567,0.0,9.0
299,0.046357082762872315,0.08544449884988425,0.0,9.0
300,0.03180548886494472,0.09009543176282606,1.0,0.0
301,0.03338604079275001,0.02516742086061255,1.0,0.0
302,0.08978930591886652,0.011351980864710324,1.0,0.0
303,0.08978417074874952,0.011721230945849927,1.0,0.0
304,0.033398243856865295,0.025463272357888825,1.0,0.0
305,0.03204448874034711,0.09001124078917622,1.0,0.0
306,0.08975439046372594,0.011530869571043939,1.0,0.0
307,0.033378715827070166,0.02542279859133261,1.0,0.0
308,0.03199536115276322,0.08994147765007696,1.0,0.0
309,0.031892956993129315,0.09011806768838457,1.0,0.0
310,0.0898376637840581,0.011535737236388292,1.0,0.0
311,0.03200380544333493,0.09012820855655292,1.0,0.0
312,0.03337737246897648,0.025184444825104867,1.0,0.0
313,0.032000958405849794,0.08996641748033517,1.0,0.0
314,0.032097569808614064,0.09025059680216527,1.0,0.0
315,0.08997366620961891,0.011436764116037406,1.0,0.0
316,0.0318399381472923,0.09011322819134018,1.0,0.0
317,0.03200006123367186,0.09014754308432235,1.0,0.0
318,0.03332840546911922,0.025447392655011853,1.0,0.0
319,0.03336228223188231,0.025398022897623582,1.0,0.0
320,0.08977702626643028,0.011518568463743287,1.0,0.0
321,0.03343447738565867,0.025268131518651066,1.0,0.0
322,0.0897199094965501,0.011640522280563373,1.0,0.0
323,0.03340854882492631,0.025060977284163826,1.0,0.0
324,0.03194252989497476,0.09002080115753885,1.0,0.0
325,0.08982345523023867,0.011819636031686148,1.0,0.0
326,0.03342749151700231,0.025412013069323707,1.0,0.0
327,0.03313882044117159,0.02531470726569472,1.0,0.0
328,0.08992589923009352,0.011827421182326573,1.0,0.0
329,0.0898134737103082,0.011319590819323261,1.0,0.0
330,0.06146688701371913,0.02650400114068563,1.0,1.0
331,0.06138261611046926,0.026589305278885873,1.0,1.0
332,0.026119735771873678,0.05340345869036182,1.0,1.0
333,0.02616984522511557,0.05336735583015319,1.0,1.0
334,0.02595026835307769,0.05349890971359197,1.0,1.0
335,0.014712057040170009,0.0967372641680452,1.0,1.0
336,0.061310876668401904,0.026655174241266098,1.0,1.0
337,0.026075815385271407,0.0533389283444528,1.0,1.0
338,0.061439434487307244,0.026609676258112558,1.0,1.0
339,0.02619916840944676,0.05348490490582585,1.0,1.0
340,0.014638291383466813,0.0967304356547487,1.0,1.0
341,0.02598642055474673,0.0533332228166944,1.0,1.0
342,0.014822872763276885,0.09687200259280722,1.0,1.0
343,0.061257155289127584,0.026542060758863773,1.0,1.0
344,0.06155384865834464,0.026386290986776525,1.0,1.0
345,0.026157699856313988,0.0535697842270426,1.0,1.0
346,0.014629537829129003,0.09664557064293353,1.0,1.0
347,0.061578046773130266,0.026435787404247273,1.0,1.0
348,0.061350536687284844,0.026382601793159575,1.0,1.0
349,0.014717197388341865,0.09676375062108368,1.0,1.0
350,0.014929292172710693,0.09662924408766502,1.0,1.0
351,0.06150610149878557,0.026446434883006787,1.0,1.0
352,0.014900992422148512,0.09670351805873574,1.0,1.0
353,0.014677630203906547,0.09684168323699636,1.0,1.0
354,0.014839092994235305,0.09685995012551263,1.0,1.0
355,0.01460136298922246,0.09685367131609465,1.0,1.0
356,0.026019121684675784,0.053529112846211806,1.0,1.0
357,0.06154477882373921,0.02662776245133762,1.0,1.0
358,0.026227511977854202,0.05340889689663337,1.0,1.0
359,0.026048494237138484,0.053515559332486515,1.0,1.0
360,0.01377364217726921,0.06785006177572432,1.0,2.0
361,0.013641412282931382,0.06776723294722385,1.0,2.0
362,0.013566938926344325,0.06754521935160668,1.0,2.0
363,0.07537200540475981,0.05666842181771654,1.0,2.0
364,0.013770183579712308,0.06775807485470772,1.0,2.0
365,0.013885294371941503,0.06774050395603241,1.0,2.0
366,0.01368225464698164,0.06765598313330723,1.0,2.0
367,0.013471985368876917,0.06762388333098568,1.0,2.0
368,0.07518089878470698,0.05661365531382026,1.0,2.0
369,0.07508018560687768,0.05679783056808204,1.0,2.0
370,0.07250952377916924,0.07891812249801668,1.0,2.0
371,0.013860264582466175,0.06776412673859887,1.0,2.0
372,0.07239161249600572,0.07881116668832677,1.0,2.0
373,0.07238498532218995,0.07874997448033257,1.0,2.0
374,0.07524886107850821,0.05690716605958067,1.0,2.0
375,0.07519879957676658,0.056600108370663815,1.0,2.0
376,0.07249536307954389,0.0786270111204395,1.0,2.0
377,0.07249506609832104,0.07881256014687567,1.0,2.0
378,0.013640103122507198,0.0677674799811047,1.0,2.0
379,0.07254607475058902,0.0787618247539799,1.0,2.0
380,0.07226775657090899,0.07891940077099982,1.0,2.0
381,0.0725589802557957,0.07882675044784174,1.0,2.0
382,0.07519274163111665,0.05656620796372423,1.0,2.0
383,0.07528710284090805,0.05669627045164292,1.0,2.0
384,0.0725845899272325,0.07894094926358888,1.0,2.0
385,0.0752666176252753,0.056625889522750314,1.0,2.0
386,0.07529422143200837,0.05676114902301526,1.0,2.0
387,0.07262185849358291,0.07885959578047361,1.0,2.0
388,0.013727473234326994,0.06757891603381572,1.0,2.0
389,0.07526407340094285,0.056776483933775164,1.0,2.0
390,0.013349614575282566,0.023594754911552527,1.0,3.0
391,0.013371739791950384,0.023599643379012596,1.0,3.0
392,0.05652111597005342,0.07781584997220733,1.0,3.0
393,0.0007972083978376866,0.0008875940248622435,1.0,3.0
394,0.000925914314461867,0.00072488699654141,1.0,3.0
395,0.0007685535717118026,0.0009164976024086331,1.0,3.0
396,0.013320894734978484,0.02364278744597954,1.0,3.0
397,0.013170890340044757,0.023514710170257132,1.0,3.0
398,0.000922409777679937,0.0006834914126782305,1.0,3.0
399,0.0008507832614525405,0.0007467217650558163,1.0,3.0
400,0.056695189908176305,0.07777514421999276,1.0,3.0
401,0.05663530743504871,0.07776739220266832,1.0,3.0
402,0.013227620886874243,0.023614858494093376,1.0,3.0
403,0.05634130914968297,0.0779311847676792,1.0,3.0
404,0.0008838155790359216,0.0007829665122140464,1.0,3.0
405,0.056665155826137785,0.07771434870258796,1.0,3.0
406,0.0007956412432187899,0.0008414847131082905,1.0,3.0
407,0.056550652922227496,0.0776907591754318,1.0,3.0
408,0.0006836600728769138,0.000767235874356537,1.0,3.0
409,0.013274490452622217,0.023552532433359197,1.0,3.0
410,0.013138634085934504,0.02367034441925857,1.0,3.0
411,0.01309506450209639,0.023756258208127524,1.0,3.0
412,0.05647367261927583,0.07779474276407371,1.0,3.0
413,0.056420679589226086,0.07784397680977445,1.0,3.0
414,0.013184046021849288,0.02369531947967073,1.0,3.0
415,0.056540906147261795,0.07770290858141841,1.0,3.0
416,0.013458974746522391,0.023635982951371662,1.0,3.0
417,0.0007258929141226911,0.0007019143043454209,1.0,3.0
418,0.056420632446327994,0.07776048025162544,1.0,3.0
419,0.0009571024524788263,0.000673741760949605,1.0,3.0
420,0.07232380125145578,0.026785205999108923,1.0,4.0
421,0.07260898445429098,0.026761619954253663,1.0,4.0
422,0.03652257919216028,0.060143538761884316,1.0,4.0
423,0.07250297443747589,0.026598635000031498,1.0,4.0
424,0.09887357972944517,0.08243508080577583,1.0,4.0
425,0.07269514139565159,0.026564875481655603,1.0,4.0
426,0.03642681401322255,0.060198202277776225,1.0,4.0
427,0.0725596705716164,0.026636022232812088,1.0,4.0
428,0.03630751362969547,0.06019452930870658,1.0,4.0
429,0.07248344975773602,0.026696465141837593,1.0,4.0
430,0.09891086932791532,0.08251000517814347,1.0,4.0
431,0.07244650226999495,0.026654494052512835,1.0,4.0
432,0.07247262107211104,0.02658740949674443,1.0,4.0
433,0.09895836452818844,0.08235080208332457,1.0,4.0
434,0.07250524695712522,0.026597736122189398,1.0,4.0
435,0.03628784054641929,0.06013218456335069,1.0,4.0
436,0.03655335646695443,0.06018151902044784,1.0,4.0
437,0.0988543561313563,0.08243637479673449,1.0,4.0
438,0.09886462442278797,0.08249654691490424,1.0,4.0
439,0.03646563130417211,0.06009003010029413,1.0,4.0
440,0.036477481283008525,0.06003249131933589,1.0,4.0
441,0.09884005099746783,0.08243953467819212,1.0,4.0
442,0.03638601655051343,0.06016268739348555,1.0,4.0
443,0.07238840914006624,0.02646740638870132,1.0,4.0
444,0.09881842245151141,0.08257412588520653,1.0,4.0
445,0.09887077100975196,0.08242947510980238,1.0,4.0
446,0.09872893822623846,0.0825356624558125,1.0,4.0
447,0.0364339789887514,0.060264017142433714,1.0,4.0
448,0.036549878776941616,0.060225513526475066,1.0,4.0
449,0.09871378017996724,0.08250022995431103,1.0,4.0
450,0.08234959361820429,0.006702055125089778,1.0,5.0
451,0.018257929294119696,0.04252622680164688,1.0,5.0
452,0.08201469664027392,0.006685939851925545,1.0,5.0
453,0.01822830557841938,0.042444873285441644,1.0,5.0
454,0.08206210052539578,0.00666092120083674,1.0,5.0
455,0.05729811093743778,0.08968558157427194,1.0,5.0
456,0.018208202182175764,0.04239823432266266,1.0,5.0
457,0.08199684326334021,0.006768891089044565,1.0,5.0
458,0.05762729282391906,0.0897613016165999,1.0,5.0
459,0.0820532610811375,0.00673242198343722,1.0,5.0
460,0.018596240622846337,0.04243425429725866,1.0,5.0
461,0.018350470157501426,0.04248012257407412,1.0,5.0
462,0.057468539015279096,0.089749070054413,1.0,5.0
463,0.018143553719037243,0.04249083285893681,1.0,5.0
464,0.018462489703518888,0.04238918293627374,1.0,5.0
465,0.018423973978726287,0.04251046346535137,1.0,5.0
466,0.05751642552809176,0.08965859184764693,1.0,5.0
467,0.08201375930648017,0.006648464848807009,1.0,5.0
468,0.01842120442795432,0.04241680175675066,1.0,5.0
469,0.08210047328012661,0.006689187576524446,1.0,5.0
470,0.05747551640883701,0.08968758989503176,1.0,5.0
471,0.0572923018023297,0.08980682877280008,1.0,5.0
472,0.05752420604133654,0.08979812959846296,1.0,5.0
473,0.08205029356668021,0.006780653514246981,1.0,5.0
474,0.018294370172625037,0.042634232855283075,1.0,5.0
475,0.08195377359854877,0.006749115602789084,1.0,5.0
476,0.057398982988097265,0.08977643684517736,1.0,5.0
477,0.0820274579036359,0.006545612893540031,1.0,5.0
478,0.05745008823762904,0.08973785228760858,1.0,5.0
479,0.057281026740433255,0.08974698728728006,1.0,5.0
480,0.09779836466934687,0.05318271734740441,1.0,6.0
481,0.06821122545408993,0.002377117604078332,1.0,6.0
482,0.08001597109569876,0.07688120396341769,1.0,6.0
483,0.07981571055557081,0.07677190824845459,1.0,6.0
484,0.09792388864027017,0.05310791906187253,1.0,6.0
485,0.06783143854366686,0.002305404108689535,1.0,6.0
486,0.07988124376795491,0.07656890110603817,1.0,6.0
487,0.07989536194050698,0.07684492223909445,1.0,6.0
488,0.06813707900228552,0.002473977432571021,1.0,6.0
489,0.09778856451966124,0.0530534323248495,1.0,6.0
490,0.06810779954589671,0.0023784927254899197,1.0,6.0
491,0.07990949634516507,0.07679907533344085,1.0,6.0
492,0.06800376714287253,0.002292602128055705,1.0,6.0
493,0.06804130505608184,0.002434311123731544,1.0,6.0
494,0.09783602444956012,0.05290899918404379,1.0,6.0
495,0.06794613516204749,0.0022789624871007823,1.0,6.0
496,0.09783197376483461,0.05305262292011019,1.0,6.0
497,0.09790506879568253,0.052891286318154034,1.0,6.0
498,0.06809370309987464,0.0023043442727555333,1.0,6.0
499,0.09789245935586662,0.05314939223253943,1.0,6.0
500,0.06797187969353843,0.0022666060741834333,1.0,6.0
501,0.07985812942767666,0.07657057413476624,1.0,6.0
502,0.07989422731197864,0.07679730990357748,1.0,6.0
503,0.09787318846164254,0.05300072039271824,1.0,6.0
504,0.07967091572443184,0.07698706654255189,1.0,6.0
505,0.07991509827579052,0.07660776615385957,1.0,6.0
506,0.07975015914428407,0.07682248896030824,1.0,6.0
507,0.0681982826814708,0.002258662426347353,1.0,6.0
508,0.09771307980020977,0.05318099713425002,1.0,6.0
509,0.09793453848541517,0.05302082793390417,1.0,6.0
510,0.07296111233123384,0.03599684289262554,1.0,7.0
511,0.07321032420655968,0.03606221412216315,1.0,7.0
512,0.035643888818055816,0.05350310304494743,1.0,7.0
513,0.022912261132148455,0.029409561224668968,1.0,7.0
514,0.03542315250187318,0.053440861449695135,1.0,7.0
515,0.02257784753495497,0.029275276391420982,1.0,7.0
516,0.022874267204496253,0.02944103792646677,1.0,7.0
517,0.07302368828815904,0.03593496654829404,1.0,7.0
518,0.07287076359035674,0.03599374992717044,1.0,7.0
519,0.022823190989089075,0.029259973113682766,1.0,7.0
520,0.07311708707819607,0.03585945414765297,1.0,7.0
521,0.03564034560840812,0.053433001136622305,1.0,7.0
522,0.07303615160982974,0.03618662688874074,1.0,7.0
523,0.035556255192170726,0.05369404026184989,1.0,7.0
524,0.022642017196031053,0.02932384666354312,1.0,7.0
525,0.035627343212952405,0.05349271570530052,1.0,7.0
526,0.07302704043041483,0.036137797427080155,1.0,7.0
527,0.02299706164385273,0.029445484798364445,1.0,7.0
528,0.022870584725961197,0.029248493347164117,1.0,7.0
529,0.03559633080377561,0.053472186406637284,1.0,7.0
530,0.022764709443904067,0.029604102177356886,1.0,7.0
531,0.07302259135834659,0.03575686035765843,1.0,7.0
532,0.03561349606431084,0.05363718399710194,1.0,7.0
533,0.0732025859238427,0.03593566860382876,1.0,7.0
534,0.0354684550859533,0.05349944290762165,1.0,7.0
535,0.022947255745893597,0.029210572050858925,1.0,7.0
536,0.03545877413853725,0.053621434917218554,1.0,7.0
537,0.03561245922488548,0.05354151395007834,1.0,7.0
538,0.02296943321715762,0.02932830811553502,1.0,7.0
539,0.07319163899919723,0.035908671460829024,1.0,7.0
540,0.008685014710206593,0.0183642323562794,1.0,8.0
541,0.04884812155346907,0.07510630647327658,1.0,8.0
542,0.008573745808950005,0.018256377153426692,1.0,8.0
543,0.04881417079692033,0.07508897830312673,1.0,8.0
544,0.048945885687808416,0.07520572387706266,1.0,8.0
545,0.04870972547815224,0.07502898335992741,1.0,8.0
546,0.0375505602057792,0.0688250478192986,1.0,8.0
547,0.008604863585572494,0.01845895887081915,1.0,8.0
548,0.04883656794457553,0.07525596323274716,1.0,8.0
549,0.04894091024011637,0.0752018273784831,1.0,8.0
550,0.03759083054946242,0.06912719649186574,1.0,8.0
551,0.03748078341526733,0.06896506293716811,1.0,8.0
552,0.008674867782634441,0.018292452067661766,1.0,8.0
553,0.03745865710448669,0.0689399448264012,1.0,8.0
554,0.03739430565470664,0.06896945732920218,1.0,8.0
555,0.008368841033429341,0.018345915709729387,1.0,8.0
556,0.04887686050815898,0.07508366173347632,1.0,8.0
557,0.03744497333363685,0.06892438219937136,1.0,8.0
558,0.00860060111702635,0.018472151640139853,1.0,8.0
559,0.03726983163279472,0.06901535827487108,1.0,8.0
560,0.008478899611201721,0.018249085996857074,1.0,8.0
561,0.03736024000585794,0.0688788667035178,1.0,8.0
562,0.048933135114991345,0.07510563390633791,1.0,8.0
563,0.03741206117099499,0.0688533482500142,1.0,8.0
564,0.037417496092090864,0.06886742654608805,1.0,8.0
565,0.048690181090574686,0.07505558212716346,1.0,8.0
566,0.008583341307353389,0.018205677451019826,1.0,8.0
567,0.008548456121636868,0.01841979460641372,1.0,8.0
568,0.008765912686856827,0.01838533568319337,1.0,8.0
569,0.04878303738929501,0.07502821334410432,1.0,8.0
570,0.007133940935953444,0.08507794370493368,1.0,9.0
571,0.07715775819933388,0.09869900378943755,1.0,9.0
572,0.03396502954034254,0.0357645502285824,1.0,9.0
573,0.07709017024624602,0.09870498046707815,1.0,9.0
574,0.006795083585011792,0.08506987968058344,1.0,9.0
575,0.007142769023604683,0.0850699052136579,1.0,9.0
576,0.00717748034621154,0.0850211233015803,1.0,9.0
577,0.03392900572130923,0.035889457671868685,1.0,9.0
578,0.033954321637205666,0.03599523465690972,1.0,9.0
579,0.03376301827278604,0.03571480344083097,1.0,9.0
580,0.03395827799333827,0.035675236550788685,1.0,9.0
581,0.07700411414019709,0.09860313505942864,1.0,9.0
582,0.0770306473595737,0.09877033362413362,1.0,9.0
583,0.007074586793897233,0.08493472882007412,1.0,9.0
584,0.00721798696117862,0.08495610083574401,1.0,9.0
585,0.03384752286212224,0.03586293953998796,1.0,9.0
586,0.07705066511768326,0.09862761493531409,1.0,9.0
587,0.07710165444307181,0.09856589639408456,1.0,9.0
588,0.07710091912314104,0.09869801397819945,1.0,9.0
589,0.07701196152577093,0.09879102229201,1.0,9.0
590,0.033910425454956546,0.03577026780499085,1.0,9.0
591,0.007098426657898962,0.08505945089555604,1.0,9.0
592,0.03382703205548621,0.03583717972597525,1.0,9.0
593,0.03391161319287147,0.035845364862265916,1.0,9.0
594,0.007060406519334064,0.08496765787795109,1.0,9.0
595,0.07705539579853887,0.09868136377010442,1.0,9.0
596,0.033810991858851995,0.03563232449834132,1.0,9.0
597,0.007153616017194719,0.08500490285990568,1.0,9.0
598,0.007182324596887803,0.08516747000030692,1.0,9.0
599,0.07706735804070688,0.09876942463771173,1.0,9.0
600,0.08524688685587954,0.044474370343587546,2.0,0.0
601,0.05328828812108229,0.009737968727423326,2.0,0.0
602,0.08523801489372314,0.04438892095108413,2.0,0.0
603,0.08526780931418265,0.04437795484598732,2.0,0.0
604,0.06971677632994096,0.04370840468439128,2.0,0.0
605,0.05324971203700693,0.009396479324494856,2.0,0.0
606,0.08528189568648609,0.044374513859609166,2.0,0.0
607,0.06934556905987817,0.0438259133161128,2.0,0.0
608,0.05306907970678926,0.009543252445677679,2.0,0.0
609,0.0852195881716792,0.04446488184891964,2.0,0.0
610,0.05314781741642498,0.00932675539377264,2.0,0.0
611,0.08521475930862983,0.04429578263836377,2.0,0.0
612,0.05322616450222126,0.009415260638007005,2.0,0.0
613,0.053224555045898375,0.009369341565775857,2.0,0.0
614,0.08530968266360649,0.04436610809336394,2.0,0.0
615,0.08539059154768783,0.044647571624282505,2.0,0.0
616,0.06965318720951667,0.04370175983970542,2.0,0.0
617,0.06965964952860382,0.043631028811675326,2.0,0.0
618,0.0696742717240025,0.0436524705713907,2.0,0.0
619,0.08518104761867679,0.0444811662137423,2.0,0.0
620,0.053394681617265065,0.009465320940301593,2.0,0.0
621,0.06942275279399243,0.0434478788959151,2.0,0.0
622,0.05306297463703587,0.009500070466269222,2.0,0.0
623,0.06943745128877292,0.04381571069715527,2.0,0.0
624,0.06941805248895692,0.04373942551188568,2.0,0.0
625,0.052976308532526016,0.009431529616285371,2.0,0.0
626,0.053083757453254915,0.009521160566134869,2.0,0.0
627,0.08519864318416047,0.04439225438759718,2.0,0.0
628,0.06947480356477898,0.043750963189373555,2.0,0.0
629,0.06962783341795806,0.04365540556649428,2.0,0.0
630,0.04135034374677225,0.05280744160571197,2.0,1.0
631,0.010870892774984675,0.044722517238112616,2.0,1.0
632,0.09502519312059696,0.0654077218764847,2.0,1.0
633,0.010632386147625012,0.044688995629927425,2.0,1.0
634,0.011023644359727401,0.044466384498592956,2.0,1.0
635,0.010852300855051874,0.04468491227825361,2.0,1.0
636,0.010968153877774786,0.0447649102377582,2.0,1.0
637,0.04145783755389538,0.052661672636141174,2.0,1.0
638,0.09509894138015561,0.06535280328527616,2.0,1.0
639,0.04156459734338052,0.052706803743055385,2.0,1.0
640,0.09499625071082117,0.06530697354181562,2.0,1.0
641,0.04156301338663897,0.05259479948107441,2.0,1.0
642,0.09500990621593623,0.0653083825070492,2.0,1.0
643,0.010811482499773942,0.04474491000374057,2.0,1.0
644,0.04142612850581907,0.05284951100205533,2.0,1.0
645,0.0413983169468527,0.052840759958379425,2.0,1.0
646,0.01081957051672845,0.0446610062476903,2.0,1.0
647,0.09519005983319237,0.06543973502467514,2.0,1.0
648,0.09522785168986064,0.06554321475153727,2.0,1.0
649,0.09490677477943162,0.06549622326677544,2.0,1.0
650,0.09512190943423933,0.06529422859908973,2.0,1.0
651,0.010883809865309901,0.04451565907142842,2.0,1.0
652,0.09490685045792727,0.06545309735803047,2.0,1.0
653,0.04142771359517071,0.052823077820868196,2.0,1.0
654,0.011023424288638369,0.044757423452472536,2.0,1.0
655,0.09497770382726616,0.06542472565288494,2.0,1.0
656,0.04121483309618401,0.052864668755713676,2.0,1.0
657,0.041510128159468085,0.0527204280038226,2.0,1.0
658,0.041368372432372576,0.05292621721060993,2.0,1.0
659,0.010833009251119892,0.04463570061213513,2.0,1.0
660,0.03900124618058761,0.07987624019554508,2.0,2.0
661,0.053241793980485376,0.057240883988925885,2.0,2.0
662,0.03445667516263836,0.08964787193899575,2.0,2.0
663,0.0533657537488918,0.05714448479741501,2.0,2.0
664,0.05318617581090177,0.05733816881262068,2.0,2.0
665,0.03927442638487234,0.07976969151652252,2.0,2.0
666,0.0392077990009026,0.07998846939562464,2.0,2.0
667,0.053248987397870554,0.057151521717911095,2.0,2.0
668,0.03453922636778365,0.08952177786056363,2.0,2.0
669,0.03468040274639237,0.08952247956074716,2.0,2.0
670,0.03441023851156917,0.08963093257053337,2.0,2.0
671,0.03458661691933433,0.08959782726414307,2.0,2.0
672,0.0343220307137542,0.08953120733980999,2.0,2.0
673,0.039237512809883475,0.07987327911450023,2.0,2.0
674,0.03454668586814853,0.08948429821828757,2.0,2.0
675,0.03899612740755285,0.07987546313404947,2.0,2.0
676,0.05329484373065547,0.05722500822788164,2.0,2.0
677,0.03435909555744458,0.08961590539416878,2.0,2.0
678,0.05334498245208011,0.057163909155252275,2.0,2.0
679,0.03454415320820076,0.08968333997153052,2.0,2.0
680,0.03443832993002118,0.08951171133058534,2.0,2.0
681,0.05314481926023115,0.057290519813824346,2.0,2.0
682,0.05326777690730163,0.05699162869994976,2.0,2.0
683,0.03921495447495155,0.07985592261123711,2.0,2.0
684,0.05345661604665242,0.05718543904875581,2.0,2.0
685,0.039336076087355,0.07982344564711336,2.0,2.0
686,0.0392395558086351,0.07954729068741123,2.0,2.0
687,0.03936319845276158,0.07984642023575518,2.0,2.0
688,0.03919259819749051,0.07977971848060354,2.0,2.0
689,0.05327404917221227,0.05700033908409858,2.0,2.0
690,0.02827387124072281,0.04148108338138253,2.0,3.0
691,0.033806541158707876,0.03444695416613805,2.0,3.0
692,0.028263349968784605,0.04153495253143286,2.0,3.0
693,0.033486774746118164,0.03449523823702127,2.0,3.0
694,0.02835021926931603,0.04154571419687925,2.0,3.0
695,0.0283572861275664,0.04148837493973272,2.0,3.0
696,0.028208221985132998,0.041450560546621266,2.0,3.0
697,0.031049141493361437,0.032863813892530465,2.0,3.0
698,0.03357461661964942,0.03450122396299367,2.0,3.0
699,0.033541474142179784,0.034507343299295744,2.0,3.0
700,0.030941683985173583,0.03263758627157947,2.0,3.0
701,0.031206678096535687,0.03275428521414648,2.0,3.0
702,0.031106968012184846,0.03286979710388764,2.0,3.0
703,0.028318264421029127,0.04141975153536448,2.0,3.0
704,0.030983741371473944,0.03293984186052309,2.0,3.0
705,0.03081510202512019,0.03270003723431113,2.0,3.0
706,0.031135138681926623,0.03264276091659264,2.0,3.0
707,0.03346719877394856,0.034351591961357106,2.0,3.0
708,0.0335616464061982,0.03439587160233403,2.0,3.0
709,0.030899597947606543,0.032764498357321266,2.0,3.0
710,0.031003687987536933,0.03301217523795161,2.0,3.0
711,0.02838224056266013,0.04151962738298609,2.0,3.0
712,0.03353050330531676,0.034431146343448536,2.0,3.0
713,0.028259720512799395,0.041645674784339996,2.0,3.0
714,0.03353807360415267,0.034388888625404214,2.0,3.0
715,0.030987725456439793,0.03274135731029778,2.0,3.0
716,0.028303729486364036,0.04157943077587359,2.0,3.0
717,0.03358372343884444,0.03435618538121998,2.0,3.0
718,0.03368522444387418,0.0343777498690117,2.0,3.0
719,0.028373997136532204,0.0415400317976348,2.0,3.0
720,0.026782638895459596,0.015693745278677337,2.0,4.0
721,0.026815646072297337,0.015642169511014933,2.0,4.0
722,0.011769332173025367,0.05608226737885772,2.0,4.0
723,0.011508914113769886,0.05606592575198793,2.0,4.0
724,0.026957092254860624,0.01567976927961131,2.0,4.0
725,0.04092218045752967,0.07897737428922424,2.0,4.0
726,0.011737593254996487,0.05589567224417737,2.0,4.0
727,0.011706088474400482,0.056098511009402365,2.0,4.0
728,0.04097536164477376,0.07896359947058433,2.0,4.0
729,0.040897638553069986,0.07872067732838188,2.0,4.0
730,0.011804631853367237,0.05632279753803881,2.0,4.0
731,0.026832737327542208,0.01572374827833114,2.0,4.0
732,0.0408927068929114,0.0789255750120031,2.0,4.0
733,0.026787222814327258,0.01568818710950649,2.0,4.0
734,0.011507502918146286,0.056133894437351506,2.0,4.0
735,0.04090955967396816,0.07874468296283042,2.0,4.0
736,0.011712606861195799,0.05615842181555172,2.0,4.0
737,0.04106350655044672,0.07875556257830663,2.0,4.0
738,0.026734292913819256,0.015668084878786497,2.0,4.0
739,0.040865672570033935,0.0788738684492956,2.0,4.0
740,0.040984508797345706,0.07883174842171024,2.0,4.0
741,0.026761615614329763,0.01561351499116469,2.0,4.0
742,0.01180899876782281,0.05626515104756367,2.0,4.0
743,0.011443291778489358,0.05623603423934792,2.0,4.0
744,0.011576602676127687,0.056437028580807555,2.0,4.0
745,0.04090844952903983,0.07894755630745949,2.0,4.0
746,0.04083670438552388,0.0788213096033079,2.0,4.0
747,0.02691526544088792,0.015755476757840805,2.0,4.0
748,0.026913547963399273,0.015666811895078053,2.0,4.0
749,0.026770622118293376,0.0160045843325563,2.0,4.0
750,0.018635671335015768,0.07670930232975139,2.0,5.0
751,0.07103218945284154,0.012600841750742579,2.0,5.0
752,0.07113034726414277,0.01268181127383762,2.0,5.0
753,0.015008057785137932,0.005420560623273879,2.0,5.0
754,0.014963206757829807,0.005490613919402553,2.0,5.0
755,0.07111377090269813,0.01270796398349737,2.0,5.0
756,0.07106075484726403,0.012585466027227899,2.0,5.0
757,0.07112848966928566,0.012700413666731795,2.0,5.0
758,0.07090371842273357,0.012768564464322145,2.0,5.0
759,0.015157016284402202,0.0053462048213267195,2.0,5.0
760,0.07135130849084494,0.012841661054979874,2.0,5.0
761,0.0710270265025542,0.012841682241954835,2.0,5.0
762,0.01855220959601183,0.07674056093101625,2.0,5.0
763,0.014901650460109552,0.005287978006074413,2.0,5.0
764,0.014900182052145772,0.005177141838548366,2.0,5.0
765,0.018733403583933963,0.07668795178690975,2.0,5.0
766,0.01869294697334467,0.07664667856837573,2.0,5.0
767,0.014921722954190678,0.0052772120070292165,2.0,5.0
768,0.018702271819572465,0.07674460610770892,2.0,5.0
769,0.018630169922377503,0.07655291608628641,2.0,5.0
770,0.018530599047361603,0.0765718070409974,2.0,5.0
771,0.014901360612264653,0.005490093831752915,2.0,5.0
772,0.018582359794449763,0.0768030820485617,2.0,5.0
773,0.014939294745043147,0.005347164702702668,2.0,5.0
774,0.07108028807274004,0.01268065791254191,2.0,5.0
775,0.01491209062470931,0.005302607656675247,2.0,5.0
776,0.0712253051230278,0.012797349029925648,2.0,5.0
777,0.01861293911480014,0.0767305596308849,2.0,5.0
778,0.01851205130408583,0.07657620449461147,2.0,5.0
779,0.015025725155884255,0.005318685965452881,2.0,5.0
780,0.010527570068420724,0.00494476804035963,2.0,6.0
781,0.09293797598154559,0.0803327020147602,2.0,6.0
782,0.08403141428531433,0.029821526631490892,2.0,6.0
783,0.010594590673374359,0.0050428447573133564,2.0,6.0
784,0.08394396930380658,0.02992112248150126,2.0,6.0
785,0.09287361081955312,0.08037968150884671,2.0,6.0
786,0.08391199349116446,0.029791540732866537,2.0,6.0
787,0.01048720313958251,0.004970335815498607,2.0,6.0
788,0.010646336256664033,0.005146951588520982,2.0,6.0
789,0.08394117214919573,0.029938359608640126,2.0,6.0
790,0.010368653071179618,0.00495174131562225,2.0,6.0
791,0.010497197245210099,0.005049605764533738,2.0,6.0
792,0.010432216726861053,0.004878109524601732,2.0,6.0
793,0.010540213580957428,0.005311743368341801,2.0,6.0
794,0.010480299032328933,0.004829235792122396,2.0,6.0
795,0.0838545953495411,0.029804379564408477,2.0,6.0
796,0.010465966359429884,0.00500813752783318,2.0,6.0
797,0.09317623099649143,0.08033833439880195,2.0,6.0
798,0.08383968746511038,0.02981552797520987,2.0,6.0
799,0.08387667456787706,0.029961339131735272,2.0,6.0
800,0.09313763941166955,0.0804856557342965,2.0,6.0
801,0.09288158423107061,0.08020535457188267,2.0,6.0
802,0.09300293831912794,0.08031445021274392,2.0,6.0
803,0.083926691626938,0.03007899488626436,2.0,6.0
804,0.09296245080965787,0.0803618022589465,2.0,6.0
805,0.09311262615565785,0.0804385762186534,2.0,6.0
806,0.09296882940335383,0.08031082934133818,2.0,6.0
807,0.08387239610379438,0.029814395996470993,2.0,6.0
808,0.09295005219775554,0.08032306730090706,2.0,6.0
809,0.08413321629914283,0.029882043567155105,2.0,6.0
810,0.025829820194723175,0.09296693295158108,2.0,7.0
811,0.06459325899237199,0.05840524861667318,2.0,7.0
812,0.025726692962128525,0.01878034144628823,2.0,7.0
813,0.06464171488508483,0.0582237593646291,2.0,7.0
814,0.025500862227881317,0.0190078919217471,2.0,7.0
815,0.02567479156474416,0.09311216326832102,2.0,7.0
816,0.025714057060822818,0.09303609682933466,2.0,7.0
817,0.0645673500270849,0.05833589221805587,2.0,7.0
818,0.025811454552005574,0.09301494465215526,2.0,7.0
819,0.06458857824576557,0.058514818508018034,2.0,7.0
820,0.025416365720670415,0.018950537486427922,2.0,7.0
821,0.025406539151359857,0.01893965422993796,2.0,7.0
822,0.025390993062797764,0.01904766587580653,2.0,7.0
823,0.02549163469352828,0.018860397073867278,2.0,7.0
824,0.06464825083682642,0.058345100080581996,2.0,7.0
825,0.02551173506179148,0.018817041195633162,2.0,7.0
826,0.025413826694664982,0.018930632568188836,2.0,7.0
827,0.025879816582610734,0.09308389065303213,2.0,7.0
828,0.025627077117132458,0.09309744294735511,2.0,7.0
829,0.025887653693068117,0.09304570698871653,2.0,7.0
830,0.06445309358704354,0.05816424749206504,2.0,7.0
831,0.06448853033789355,0.058013936701594236,2.0,7.0
832,0.06445941973501511,0.058189816735854334,2.0,7.0
833,0.025834408128879674,0.0930861968753206,2.0,7.0
834,0.0258342680391988,0.0928185999921767,2.0,7.0
835,0.02561871238928372,0.018972308942013787,2.0,7.0
836,0.06462276296747486,0.05825959787596737,2.0,7.0
837,0.06438548733157982,0.05816408293413587,2.0,7.0
838,0.025413959532044793,0.01870301559429825,2.0,7.0
839,0.02572051580218364,0.09308456394178258,2.0,7.0
840,0.009812725608565288,0.08507747407025086,2.0,8.0
841,0.009825102769676186,0.08512845189024291,2.0,8.0
842,0.009782555774586971,0.08499507970214581,2.0,8.0
843,0.039165682773541766,0.07372935800233481,2.0,8.0
844,0.03933532770240056,0.07350250114238663,2.0,8.0
845,0.00979377446174763,0.08520752030654546,2.0,8.0
846,0.03936382214232093,0.07372800460802005,2.0,8.0
847,0.009886089375546865,0.08520396610258271,2.0,8.0
848,0.009899321514349673,0.08508364261963801,2.0,8.0
849,0.02469525070321041,0.0852595092092871,2.0,8.0
850,0.039348532079557116,0.07352691254361508,2.0,8.0
851,0.02480381428193834,0.08520804862006948,2.0,8.0
852,0.02487483649550866,0.0852149994181454,2.0,8.0
853,0.009859544913658059,0.08513768833727042,2.0,8.0
854,0.03942439762488809,0.0736965648205791,2.0,8.0
855,0.024706387697085268,0.08520869010686884,2.0,8.0
856,0.03923896443355497,0.0736076724536525,2.0,8.0
857,0.03911510373119668,0.073725799501952,2.0,8.0
858,0.024778041446920276,0.0850430580507419,2.0,8.0
859,0.02465627780607753,0.0852580072954146,2.0,8.0
860,0.03943493483357404,0.07348170254071613,2.0,8.0
861,0.024678572681442967,0.08520898178729072,2.0,8.0
862,0.03938490673788471,0.07372936511262543,2.0,8.0
863,0.02470575434183609,0.08546259527239693,2.0,8.0
864,0.03949992625287449,0.07366878984473786,2.0,8.0
865,0.02477171802342731,0.08532381301611189,2.0,8.0
866,0.009944491944947178,0.08503415285771475,2.0,8.0
867,0.009927444086503603,0.08500267854303023,2.0,8.0
868,0.0247665932152795,0.0852878797543507,2.0,8.0
869,0.009815834873546392,0.08516292837253672,2.0,8.0
870,0.013262644354617823,0.01904876633897106,2.0,9.0
871,0.013206307621546358,0.019236232785387494,2.0,9.0
872,0.004659420931262321,0.06806173251135747,2.0,9.0
873,0.01309735709259157,0.019253786612778035,2.0,9.0
874,0.013204049603400155,0.019138618954431474,2.0,9.0
875,0.013053614278375088,0.019334988454629165,2.0,9.0
876,0.004843680233742134,0.06781919589809159,2.0,9.0
877,0.004774081102303831,0.0677941728196883,2.0,9.0
878,0.004879718751833989,0.06786597091516773,2.0,9.0
879,0.004769850847122115,0.06816158123410015,2.0,9.0
880,0.023547223636765084,0.045808542005709205,2.0,9.0
881,0.02344721862253641,0.04595396868728339,2.0,9.0
882,0.023445606467910628,0.04583380356232091,2.0,9.0
883,0.013111281744128156,0.01926574474289604,2.0,9.0
884,0.013064052959292324,0.019221656564803607,2.0,9.0
885,0.02355033879107026,0.04584372744819656,2.0,9.0
886,0.023450627588042505,0.04594568973767241,2.0,9.0
887,0.02329947437666518,0.04589902789681117,2.0,9.0
888,0.004741938393216419,0.06792404201886008,2.0,9.0
889,0.013257921592264847,0.019044644443518815,2.0,9.0
890,0.0049079451950264155,0.0679329571795994,2.0,9.0
891,0.013121070384113366,0.01912471059347573,2.0,9.0
892,0.00495563330845759,0.06792127021403951,2.0,9.0
893,0.023491563730846418,0.04586967144092528,2.0,9.0
894,0.023330059462610343,0.04571000124271892,2.0,9.0
895,0.00477979312212804,0.06792375405217793,2.0,9.0
896,0.004690643371901351,0.06782371892193026,2.0,9.0
897,0.013116856067917333,0.019264058544105872,2.0,9.0
898,0.02345080205876259,0.045724808715142264,2.0,9.0
899,0.023257755132723913,0.04600565894851875,2.0,9.0
900,0.07620946627612182,0.08101140911831696,3.0,0.0
901,0.07605029213716956,0.08116004544607315,3.0,0.0
902,0.05572717070241549,0.0941871695227916,3.0,0.0
903,0.04412425713435857,0.022621797477841363,3.0,0.0
904,0.04425976063711568,0.02246846874645427,3.0,0.0
905,0.04440590761440335,0.022547170214578978,3.0,0.0
906,0.05582191136331093,0.0941241575691107,3.0,0.0
907,0.04434080248151096,0.022560053796289392,3.0,0.0
908,0.07611630436316259,0.0810076982857943,3.0,0.0
909,0.07606165172070782,0.08131179541141706,3.0,0.0
910,0.05583121171696937,0.09408573068123423,3.0,0.0
911,0.07627642799535594,0.08115702590307144,3.0,0.0
912,0.04414974331430907,0.02252536435559183,3.0,0.0
913,0.04407138367361239,0.022604636215936582,3.0,0.0
914,0.07623759677876041,0.08091632121788155,3.0,0.0
915,0.044246224462648455,0.022559645865939504,3.0,0.0
916,0.05568722270173824,0.09426867147329873,3.0,0.0
917,0.04408059292171401,0.022576062841961838,3.0,0.0
918,0.07603806683269701,0.08112143146428694,3.0,0.0
919,0.076137539125887,0.08105641062812328,3.0,0.0
920,0.07599878086062797,0.08103087849188886,3.0,0.0
921,0.05572104010814106,0.09423894799494964,3.0,0.0
922,0.05583028651581424,0.09423381570208109,3.0,0.0
923,0.04410601678534119,0.022388171822133162,3.0,0.0
924,0.07607027957839015,0.08111143727182321,3.0,0.0
925,0.04418062078053169,0.02241889557086719,3.0,0.0
926,0.05568256527228242,0.09424947940289684,3.0,0.0
927,0.05568770797993481,0.0941995211134825,3.0,0.0
928,0.05578943892296862,0.09413138531806989,3.0,0.0
929,0.055780789381301495,0.09418250394959476,3.0,0.0
930,0.04599097243993774,0.043615453517193474,3.0,1.0
931,0.07752034342676116,0.0839158087400206,3.0,1.0
932,0.07764098224641515,0.08386111744162911,3.0,1.0
933,0.04600516805643339,0.04342638105654906,3.0,1.0
934,0.004524906505729689,0.08815884388011516,3.0,1.0
935,0.04612159998841662,0.04332457634705589,3.0,1.0
936,0.04602095957631091,0.04331611806675171,3.0,1.0
937,0.0777692881878033,0.08379301481539653,3.0,1.0
938,0.0775407681407124,0.08352731703821778,3.0,1.0
939,0.004559185901892821,0.08833952681308546,3.0,1.0
940,0.07768196269900941,0.08378712917872365,3.0,1.0
941,0.004422129771452477,0.0881369171379007,3.0,1.0
942,0.07765956621111385,0.08392285131733436,3.0,1.0
943,0.04609838488263091,0.0436304511981718,3.0,1.0
944,0.046122179922075436,0.043512844881318104,3.0,1.0
945,0.07753513633397707,0.08378107198796064,3.0,1.0
946,0.07767837963516287,0.08379389148739513,3.0,1.0
947,0.004447156794188572,0.08824660085162492,3.0,1.0
948,0.07769902935479327,0.08373649098206243,3.0,1.0
949,0.004549343303463633,0.08810445633120005,3.0,1.0
950,0.004562895351181688,0.08805796654122036,3.0,1.0
951,0.004362136012772875,0.08812757767519175,3.0,1.0
952,0.04604320531247756,0.0434871394231538,3.0,1.0
953,0.07784159466903734,0.08365121215017265,3.0,1.0
954,0.04615927571473328,0.043486022084101975,3.0,1.0
955,0.004573302436015375,0.08831681877446715,3.0,1.0
956,0.04617123702243838,0.04355333317576539,3.0,1.0
957,0.046168541621977886,0.04360836280408025,3.0,1.0
958,0.004635915700225419,0.0880941281927689,3.0,1.0
959,0.004482484021463037,0.08819802248579336,3.0,1.0
960,0.03584534113109642,0.08278897854803313,3.0,2.0
961,0.03571221350726624,0.08273435953236269,3.0,2.0
962,0.09717052147223156,0.044008988439392056,3.0,2.0
963,0.035712095770704624,0.08288774747829984,3.0,2.0
964,0.09721653892972479,0.04420083971964093,3.0,2.0
965,0.029817252438619893,0.09747991315415351,3.0,2.0
966,0.035672859174390406,0.082747010452532,3.0,2.0
967,0.03588366398303312,0.08296492759256446,3.0,2.0
968,0.02977929725066241,0.09748887984043723,3.0,2.0
969,0.02993434016781896,0.0971457492707087,3.0,2.0
970,0.0358852897737807,0.08266881559785257,3.0,2.0
971,0.035754285201155075,0.08272355781752369,3.0,2.0
972,0.029772923182675496,0.09729912087537113,3.0,2.0
973,0.02992844116638692,0.097304131000283,3.0,2.0
974,0.035537025455107014,0.08273620280771458,3.0,2.0
975,0.09702218036632915,0.04407248516650609,3.0,2.0
976,0.02995097204728484,0.09729585850263565,3.0,2.0
977,0.035791453234320855,0.0828558161874991,3.0,2.0
978,0.03010343733422415,0.09732235104846028,3.0,2.0
979,0.02981590323887751,0.09752193779652457,3.0,2.0
980,0.09704986850403312,0.0440571263856972,3.0,2.0
981,0.09713706232416632,0.04393931599413047,3.0,2.0
982,0.030050625609369563,0.09735812732923692,3.0,2.0
983,0.03566027992519605,0.08279089474640956,3.0,2.0
984,0.0970626144187441,0.04387359834653613,3.0,2.0
985,0.09720120458256089,0.043989216799645646,3.0,2.0
986,0.09713164197951929,0.043894164445955335,3.0,2.0
987,0.09700967082759437,0.04413820662416268,3.0,2.0
988,0.029950425560000493,0.09739885047016286,3.0,2.0
989,0.09708606802615251,0.04408501149757896,3.0,2.0
990,0.09122815016474622,0.03723282077528106,3.0,3.0
991,0.05672848315282511,0.0448295616238528,3.0,3.0
992,0.027651927160761893,0.06806450810610824,3.0,3.0
993,0.027539580447774478,0.0680196193411996,3.0,3.0
994,0.09122914404167688,0.037192937409915514,3.0,3.0
995,0.09117213403324759,0.03715026743944872,3.0,3.0
996,0.027705187058300038,0.0682643455194264,3.0,3.0
997,0.09142988370698438,0.0371914080879561,3.0,3.0
998,0.05678252323059664,0.04518077698968803,3.0,3.0
999,0.05669486550870513,0.044925680197881034,3.0,3.0
1000,0.027719603079832223,0.06795535701757832,3.0,3.0
1001,0.027769191175080653,0.06800557892003999,3.0,3.0
1002,0.05666762627394977,0.04503219833013542,3.0,3.0
1003,0.09143007799361973,0.03727005479355611,3.0,3.0
1004,0.09123679012719474,0.03729079558824222,3.0,3.0
1005,0.02777974503874247,0.06813480235573842,3.0,3.0
1006,0.05671074210670139,0.04501384541438118,3.0,3.0
1007,0.09099283675615377,0.03710076385782331,3.0,3.0
1008,0.056559486027659756,0.045171520259400334,3.0,3.0
1009,0.05670158723472739,0.045140552711925824,3.0,3.0
1010,0.05671205850417753,0.04504343054269255,3.0,3.0
1011,0.027568803962625277,0.06826486082001401,3.0,3.0
1012,0.09111189850320603,0.03725714061360216,3.0,3.0
1013,0.056607380515162224,0.0450739057933516,3.0,3.0
1014,0.027557098281609408,0.06821010590620946,3.0,3.0
1015,0.02762989411432736,0.0683838915000439,3.0,3.0
1016,0.027755103370308478,0.06813470822722989,3.0,3.0
1017,0.05665229027321655,0.04517220286102318,3.0,3.0
1018,0.0912835731685987,0.03708323083074329,3.0,3.0
1019,0.09150626122360289,0.037378392542379464,3.0,3.0
1020,0.016811672082048177,0.0027986754885682376,3.0,4.0
1021,0.0858727710026905,0.08884423343668076,3.0,4.0
1022,0.08604876851943953,0.08889221529046322,3.0,4.0
1023,0.08582502949235427,0.08890951420899317,3.0,4.0
1024,0.016865811267247153,0.0030786740914403115,3.0,4.0
1025,0.08587856092158229,0.0889481119290167,3.0,4.0
1026,0.016556622494214836,0.0027383378038640617,3.0,4.0
1027,0.02469508451522087,0.0848483737889374,3.0,4.0
1028,0.016705046290246186,0.003081183627899068,3.0,4.0
1029,0.024783679231724712,0.08483673639834287,3.0,4.0
1030,0.02457395097298018,0.08476944412662688,3.0,4.0
1031,0.08585895549539992,0.0889233097938286,3.0,4.0
1032,0.024638461117033314,0.08462724434065882,3.0,4.0
1033,0.016809543807691094,0.002922944043194336,3.0,4.0
1034,0.08594902226447322,0.08886638918927033,3.0,4.0
1035,0.016657325622021227,0.0027896016254002265,3.0,4.0
1036,0.0858309146064732,0.08894388377523343,3.0,4.0
1037,0.024766087487198038,0.08486244078646939,3.0,4.0
1038,0.02486613873543395,0.08479517037536745,3.0,4.0
1039,0.02476910670477979,0.08489756507833328,3.0,4.0
1040,0.016668617754962988,0.0027946352237005158,3.0,4.0
1041,0.016730735935932734,0.002937950682403423,3.0,4.0
1042,0.024680880110201954,0.08496378762638318,3.0,4.0
1043,0.016829604877691418,0.0030599191990206046,3.0,4.0
1044,0.024779511215643882,0.08463459209779411,3.0,4.0
1045,0.08608004309579971,0.08879159383658877,3.0,4.0
1046,0.08600428453200935,0.08870050882447406,3.0,4.0
1047,0.08569776693448271,0.0889471106480797,3.0,4.0
1048,0.016545076535588968,0.002816351405659091,3.0,4.0
1049,0.024644341029147608,0.08470415953079248,3.0,4.0
1050,0.09896928728035985,0.07779438453608038,3.0,5.0
1051,0.09882124061023854,0.07779464456746937,3.0,5.0
1052,0.09877042541800682,0.0779493214397763,3.0,5.0
1053,0.03412420762472142,0.08884824742983043,3.0,5.0
1054,0.033968068943531826,0.08877247559118182,3.0,5.0
1055,0.09895733111591118,0.07788379727556473,3.0,5.0
1056,0.03393292386605926,0.08886846996016715,3.0,5.0
1057,0.013489379939523101,0.0049809212344366595,3.0,5.0
1058,0.09879392079588226,0.07799589630548741,3.0,5.0
1059,0.013508188214033353,0.005047339631665567,3.0,5.0
1060,0.013633569444493518,0.004984207619160759,3.0,5.0
1061,0.09897662028680582,0.07796687806564975,3.0,5.0
1062,0.09892948711502525,0.07791333004508513,3.0,5.0
1063,0.01363135038903921,0.0050140554969052694,3.0,5.0
1064,0.03402676267595424,0.0887787678789003,3.0,5.0
1065,0.03413043729895687,0.08866186555573909,3.0,5.0
1066,0.013573927248962652,0.005094034190976555,3.0,5.0
1067,0.09885290997272018,0.07775956466768884,3.0,5.0
1068,0.09878610212355728,0.07778868006841473,3.0,5.0
1069,0.013459171761254352,0.004962493635580773,3.0,5.0
1070,0.03394173708686053,0.08861839613157953,3.0,5.0
1071,0.033973254169223525,0.08871117717958311,3.0,5.0
1072,0.09876606042877743,0.07779002669576292,3.0,5.0
1073,0.013604428397047319,0.004930848966083234,3.0,5.0
1074,0.034007695692946496,0.08877814083841898,3.0,5.0
1075,0.013725368390685961,0.004930617102794932,3.0,5.0
1076,0.034060821567030906,0.08863675294763854,3.0,5.0
1077,0.013714219440025089,0.005117130036995659,3.0,5.0
1078,0.013511496867072046,0.004989134200104399,3.0,5.0
1079,0.03403728530679568,0.08877421412935642,3.0,5.0
1080,0.011508870574672918,0.06998889330530338,3.0,6.0
1081,0.049282330631631115,0.047571827291708585,3.0,6.0
1082,0.04933131251212282,0.04740938037184313,3.0,6.0
1083,0.011475173538598145,0.07011327763544563,3.0,6.0
1084,0.01139224934517544,0.06994171310597876,3.0,6.0
1085,0.08468946135591832,0.06689927074734318,3.0,6.0
1086,0.08491485169305413,0.06700502126928905,3.0,6.0
1087,0.08496809744271622,0.06702974279449334,3.0,6.0
1088,0.0848484384564901,0.06682529718438987,3.0,6.0
1089,0.04936244388002538,0.04748765609659685,3.0,6.0
1090,0.08486769565677155,0.06694326897680496,3.0,6.0
1091,0.08492646499655429,0.06702348784251817,3.0,6.0
1092,0.08493520019051395,0.066793873705544,3.0,6.0
1093,0.04935234387138405,0.0474926957958581,3.0,6.0
1094,0.049204586137755746,0.04742434363227063,3.0,6.0
1095,0.0492084585211261,0.04730645952629406,3.0,6.0
1096,0.08497230324969884,0.06684629894162882,3.0,6.0
1097,0.049200234971047474,0.04736153150296941,3.0,6.0
1098,0.08487124159253538,0.0667755943189906,3.0,6.0
1099,0.01144948433208844,0.07000521058052632,3.0,6.0
1100,0.011408984444974233,0.07003253143002433,3.0,6.0
1101,0.04916063518285074,0.04746883621903906,3.0,6.0
1102,0.08484906704004815,0.0667880736240325,3.0,6.0
1103,0.011410953384444639,0.07016513236540164,3.0,6.0
1104,0.04930742471743815,0.047639443523826076,3.0,6.0
1105,0.011495173280808815,0.07026278548307632,3.0,6.0
1106,0.011420172204331927,0.07020317257828071,3.0,6.0
1107,0.011303408558665445,0.06998668210333807,3.0,6.0
1108,0.011190730318126719,0.0700750272758768,3.0,6.0
1109,0.04919306149150341,0.047440297867743904,3.0,6.0
1110,0.046286643566992774,0.06147105754892029,3.0,7.0
1111,0.01257300771839174,0.0312642065598774,3.0,7.0
1112,0.056328086267182206,0.02107619209637232,3.0,7.0
1113,0.04646688574867804,0.06167355819027316,3.0,7.0
1114,0.056337597492742066,0.021147700064684024,3.0,7.0
1115,0.056232238184805015,0.021218156727465458,3.0,7.0
1116,0.012617033592406028,0.031468546894721776,3.0,7.0
1117,0.05635609806751933,0.021102370815522443,3.0,7.0
1118,0.05629630088476894,0.021030421844942436,3.0,7.0
1119,0.04634317560438198,0.06145946779903312,3.0,7.0
1120,0.01265494312147905,0.03135473090470207,3.0,7.0
1121,0.046357418125624154,0.06160374175470007,3.0,7.0
1122,0.012610342061977876,0.03147596735811134,3.0,7.0
1123,0.05629940161206062,0.020988438523388803,3.0,7.0
1124,0.012440045217263778,0.031496682612950314,3.0,7.0
1125,0.012787125816683427,0.031340467878241664,3.0,7.0
1126,0.05618945446993891,0.021142819095614152,3.0,7.0
1127,0.05629238500948564,0.020986584345173795,3.0,7.0
1128,0.046206039495551396,0.06156510575622472,3.0,7.0
1129,0.046270950816764744,0.06148512403553694,3.0,7.0
1130,0.056371934917230214,0.021304889405657768,3.0,7.0
1131,0.012567226244773374,0.03128198137889325,3.0,7.0
1132,0.04634992850710036,0.06165934587987883,3.0,7.0
1133,0.01267246811009633,0.031536500817809725,3.0,7.0
1134,0.056383772048684055,0.02124049836487602,3.0,7.0
1135,0.012804520827855746,0.03149760582337603,3.0,7.0
1136,0.046252028604173254,0.06168097980607252,3.0,7.0
1137,0.046377508845511,0.06150382598647326,3.0,7.0
1138,0.04603793211687293,0.06141299492791097,3.0,7.0
1139,0.012615008311472196,0.031524634690243004,3.0,7.0
1140,0.02344283285019541,0.04242383871608362,3.0,8.0
1141,0.04554763931901637,0.005544777396159642,3.0,8.0
1142,0.04716660941767189,0.06978944020016906,3.0,8.0
1143,0.023392859615871554,0.04229875829401655,3.0,8.0
1144,0.023396181723324843,0.04234014327927929,3.0,8.0
1145,0.045500602573316805,0.005548786103071517,3.0,8.0
1146,0.045519367182444634,0.005490985235547237,3.0,8.0
1147,0.023471047486385406,0.04223568592404441,3.0,8.0
1148,0.047022200966968936,0.06975559837778122,3.0,8.0
1149,0.04739955166414072,0.06987353776217517,3.0,8.0
1150,0.047139183345451675,0.07007496924181289,3.0,8.0
1151,0.04546343975609573,0.005578283381807619,3.0,8.0
1152,0.04714726447599424,0.06982381212490028,3.0,8.0
1153,0.04545348878959442,0.005750506540610456,3.0,8.0
1154,0.04708700786086746,0.06977576094768698,3.0,8.0
1155,0.04712890400342041,0.06994394117483357,3.0,8.0
1156,0.023624222666527278,0.04215186251337913,3.0,8.0
1157,0.04725232207455569,0.06983047330597021,3.0,8.0
1158,0.04547814435582841,0.005665386806078368,3.0,8.0
1159,0.023681344918830866,0.0422058495104166,3.0,8.0
1160,0.04708724916930447,0.06999572090238079,3.0,8.0
1161,0.023310668803404076,0.0423715479555695,3.0,8.0
1162,0.04559523077969663,0.005536973544109894,3.0,8.0
1163,0.023383967742008537,0.04238407580137857,3.0,8.0
1164,0.04713936687496268,0.06986681308209147,3.0,8.0
1165,0.023638644042039626,0.04234775417338268,3.0,8.0
1166,0.04545678663600686,0.005658806817738469,3.0,8.0
1167,0.04556890879918229,0.005534590914257428,3.0,8.0
1168,0.02336440220556441,0.04225378228268156,3.0,8.0
1169,0.04534740957417308,0.005566748655064164,3.0,8.0
1170,0.09621366958355765,0.09817106129762046,3.0,9.0
1171,0.09621185407664994,0.09804128897453868,3.0,9.0
1172,0.07614062128581166,0.042382107883548514,3.0,9.0
1173,0.09606220569034986,0.09800023753412088,3.0,9.0
1174,0.09602251152636344,0.09801718900560429,3.0,9.0
1175,0.07627309533781411,0.04249403872979827,3.0,9.0
1176,0.03936747364937005,0.04998246663511226,3.0,9.0
1177,0.03941657505959964,0.04999628863123613,3.0,9.0
1178,0.03935314683099042,0.04992789523446009,3.0,9.0
1179,0.07614295902287604,0.04238588617896491,3.0,9.0
1180,0.07627098830024828,0.04238906191395837,3.0,9.0
1181,0.09602251287475153,0.09794251165093333,3.0,9.0
1182,0.039269861126259714,0.05009931345402462,3.0,9.0
1183,0.09627968109374875,0.09801420469482251,3.0,9.0
1184,0.03932752070719686,0.05018474569891726,3.0,9.0
1185,0.07615303182011755,0.042260808330876774,3.0,9.0
1186,0.09620088369861338,0.09806774143175088,3.0,9.0
1187,0.03958381898514946,0.050011336105839764,3.0,9.0
1188,0.07622403371436488,0.042273203758965955,3.0,9.0
1189,0.09617791677634498,0.09799586872308381,3.0,9.0
1190,0.0960723277532673,0.09806809894086718,3.0,9.0
1191,0.09616786026139343,0.09798016980564143,3.0,9.0
1192,0.03936837059746725,0.050109229350662525,3.0,9.0
1193,0.0759309193354256,0.042434086856150056,3.0,9.0
1194,0.0761503161696726,0.04246051319260592,3.0,9.0
1195,0.07618649850421251,0.042323262744146474,3.0,9.0
1196,0.03952126250526216,0.05011438300058525,3.0,9.0
1197,0.03961012186349315,0.05005039703802106,3.0,9.0
1198,0.03949251484826148,0.05001908744858232,3.0,9.0
1199,0.07601846431256445,0.04233689921850985,3.0,9.0
1200,0.024547059428275505,0.015768311154704943,4.0,0.0
1201,0.017131776351943573,0.04404731997110063,4.0,0.0
1202,0.0963478503831347,0.008893565625558939,4.0,0.0
1203,0.024615901013842114,0.015723064520960634,4.0,0.0
1204,0.024393201480659474,0.015723577554422243,4.0,0.0
1205,0.02451529953836947,0.015743062588847116,4.0,0.0
1206,0.017054656141429,0.04423196046339643,4.0,0.0
1207,0.09625772646012504,0.009018963161176717,4.0,0.0
1208,0.09641788269091686,0.008956130147192886,4.0,0.0
1209,0.01696231564436061,0.044047580515393855,4.0,0.0
1210,0.017185833869694998,0.04418688121071039,4.0,0.0
1211,0.024514759620577642,0.01575372029705474,4.0,0.0
1212,0.09631185479478324,0.008955619070322945,4.0,0.0
1213,0.09621839060923693,0.008863052314182367,4.0,0.0
1214,0.09631925260767638,0.008903033105225834,4.0,0.0
1215,0.017132014544266806,0.043990302038524505,4.0,0.0
1216,0.02464346189265242,0.01574451376586023,4.0,0.0
1217,0.09648904583467398,0.009100285140138043,4.0,0.0
1218,0.0170633817694714,0.04420233027605796,4.0,0.0
1219,0.016942063558846542,0.044333879083818355,4.0,0.0
1220,0.09637255665196502,0.008939432731351756,4.0,0.0
1221,0.017078213070764747,0.04420694987015955,4.0,0.0
1222,0.09633282775648552,0.00900140366108447,4.0,0.0
1223,0.017023587512265306,0.04424152834032044,4.0,0.0
1224,0.024732015816823015,0.015559504085345269,4.0,0.0
1225,0.02459774531794749,0.015656038917260477,4.0,0.0
1226,0.024562329240099393,0.01566280822801793,4.0,0.0
1227,0.01701640826414349,0.044093929241441975,4.0,0.0
1228,0.09635026433327162,0.008924071965149332,4.0,0.0
1229,0.02447541232591988,0.015597657313601444,4.0,0.0
1230,0.06585547280622073,0.04620993703899967,4.0,1.0
1231,0.04162135815608871,0.024265437030120258,4.0,1.0
1232,0.04159261013438965,0.024229112115092988,4.0,1.0
1233,0.06595285124058806,0.046081400773931455,4.0,1.0
1234,0.09828224092892156,0.04611730517112598,4.0,1.0
1235,0.06577653910034159,0.04622270225621099,4.0,1.0
1236,0.04157513608517718,0.02420926767478806,4.0,1.0
1237,0.04147415383013345,0.024275338959042003,4.0,1.0
1238,0.04160247349743168,0.0240728735422799,4.0,1.0
1239,0.09823289052578969,0.04614986888658543,4.0,1.0
1240,0.04151343775025428,0.024065875270671312,4.0,1.0
1241,0.0981507889233118,0.04628108797705571,4.0,1.0
1242,0.06551277696070056,0.046127179839798756,4.0,1.0
1243,0.09823074636927527,0.04587042404826641,4.0,1.0
1244,0.09803154950085043,0.04614830024311342,4.0,1.0
1245,0.09834511676157343,0.04626657137624052,4.0,1.0
1246,0.098140459466165,0.046310239420496856,4.0,1.0
1247,0.06567826848545519,0.04605882327475774,4.0,1.0
1248,0.06586432481884504,0.046309043071174914,4.0,1.0
1249,0.09819458657429588,0.04617565570625371,4.0,1.0
1250,0.04161064385953146,0.024269287188767672,4.0,1.0
1251,0.04164433368794857,0.024159950797279315,4.0,1.0
1252,0.06569239242059814,0.04644492403004572,4.0,1.0
1253,0.06555575842242499,0.046130810636667054,4.0,1.0
1254,0.09826340278180633,0.0462252355954112,4.0,1.0
1255,0.09801446387530534,0.046074302424268465,4.0,1.0
1256,0.06561463055701046,0.046271265721604074,4.0,1.0
1257,0.04153598608497011,0.024032317899159376,4.0,1.0
1258,0.06576789515929253,0.045964000018741596,4.0,1.0
1259,0.04152731680758134,0.024155248381119158,4.0,1.0
1260,0.07727680743566692,0.09072097660252128,4.0,2.0
1261,0.03156354594792209,0.09792939557511689,4.0,2.0
1262,0.07731271705820428,0.09059834680028246,4.0,2.0
1263,0.0606296958685059,0.010218447605099157,4.0,2.0
1264,0.06068230911159634,0.010017769123220426,4.0,2.0
1265,0.03174738271614433,0.09788905821326319,4.0,2.0
1266,0.03170625897252037,0.09773357779563786,4.0,2.0
1267,0.07709648454401465,0.09078556721988446,4.0,2.0
1268,0.031892715746351906,0.09791155759866288,4.0,2.0
1269,0.06061438826591198,0.010189156767115088,4.0,2.0
1270,0.06041669403223992,0.010001556742857541,4.0,2.0
1271,0.0772030623506961,0.09083116441381042,4.0,2.0
1272,0.06062072865283786,0.010093893116316857,4.0,2.0
1273,0.060642637127448655,0.01026055980873375,4.0,2.0
1274,0.06054527203464559,0.010109777298959193,4.0,2.0
1275,0.06065045120211525,0.010108265655770858,4.0,2.0
1276,0.077488156448222,0.09070005681662412,4.0,2.0
1277,0.07729603419579724,0.0907648368215555,4.0,2.0
1278,0.06056617456994638,0.010153944225282431,4.0,2.0
1279,0.031774450410730994,0.09777635609161428,4.0,2.0
1280,0.07727614414615906,0.09058607605803767,4.0,2.0
1281,0.07735629136875248,0.09071635808371421,4.0,2.0
1282,0.03190348113100678,0.09778998085455377,4.0,2.0
1283,0.03173058467881267,0.09776229268105938,4.0,2.0
1284,0.03178128227814925,0.09791002338954784,4.0,2.0
1285,0.03183418950862295,0.09773407133553319,4.0,2.0
1286,0.07726599025883578,0.09055412725361646,4.0,2.0
1287,0.0773597861745083,0.09076421363534082,4.0,2.0
1288,0.031852281850491576,0.09783593397622783,4.0,2.0
1289,0.060495429325383376,0.010142951977483064,4.0,2.0
1290,0.019167198236891128,0.029417815969792517,4.0,3.0
1291,0.019204183891559076,0.02948473401106021,4.0,3.0
1292,0.04687374393951231,0.032226893801032976,4.0,3.0
1293,0.047078893969163566,0.03212558765828717,4.0,3.0
1294,0.04707245822533951,0.032109536948218574,4.0,3.0
1295,0.019395973256201144,0.02937591828279193,4.0,3.0
1296,0.023094834417952674,0.01993237330605272,4.0,3.0
1297,0.019227729006137787,0.029470321959088646,4.0,3.0
1298,0.022996343872363968,0.019683648712813962,4.0,3.0
1299,0.023081481543411664,0.0197398615290131,4.0,3.0
1300,0.04716256583053341,0.03215045446048167,4.0,3.0
1301,0.023013794730202996,0.019752282754253028,4.0,3.0
1302,0.02294943045092637,0.019847623304323162,4.0,3.0
1303,0.023045096735608873,0.019712388663467008,4.0,3.0
1304,0.01924294764133541,0.0292637384338997,4.0,3.0
1305,0.023021337682711654,0.019751006255748303,4.0,3.0
1306,0.04703044021600199,0.032287860307927595,4.0,3.0
1307,0.019386516609136647,0.02942674111838113,4.0,3.0
1308,0.01932959097932289,0.02932172374641595,4.0,3.0
1309,0.04700128875237667,0.032209382129164695,4.0,3.0
1310,0.04701343588666823,0.03224393468706382,4.0,3.0
1311,0.023119779849035942,0.0200014247729124,4.0,3.0
1312,0.04706819621272265,0.032099256406678975,4.0,3.0
1313,0.046917183172091856,0.03209047303890889,4.0,3.0
1314,0.02304905839703026,0.019799692505470808,4.0,3.0
1315,0.019233074471011642,0.02959156195117899,4.0,3.0
1316,0.04677016188398058,0.03226750967540344,4.0,3.0
1317,0.0193393398075971,0.02920572303891857,4.0,3.0
1318,0.023096621315870054,0.019939057761015382,4.0,3.0
1319,0.019280871286066974,0.02950599523803482,4.0,3.0
1320,0.015151334400855589,0.06923650697139647,4.0,4.0
1321,0.03301783894179589,0.06750015108370583,4.0,4.0
1322,0.012620217810179432,0.08392989747115169,4.0,4.0
1323,0.012669031899576947,0.08387921109666127,4.0,4.0
1324,0.015098000597559976,0.06922215262510005,4.0,4.0
1325,0.012547432210225418,0.08397562822660591,4.0,4.0
1326,0.012542041946013839,0.08391617104484561,4.0,4.0
1327,0.032908147114410126,0.06750286295127392,4.0,4.0
1328,0.033110236939298744,0.06751347017488693,4.0,4.0
1329,0.012574044887337672,0.08378267550265968,4.0,4.0
1330,0.032783172702789194,0.06751236839485356,4.0,4.0
1331,0.015152194075270988,0.06933469015628377,4.0,4.0
1332,0.012465664740582338,0.08391617611895306,4.0,4.0
1333,0.03304497171489828,0.06758096291575327,4.0,4.0
1334,0.01507787786167965,0.06931920008669709,4.0,4.0
1335,0.033063518601551906,0.0676132703487333,4.0,4.0
1336,0.032920861003131845,0.06752495975451464,4.0,4.0
1337,0.015104797973634981,0.06898315872644595,4.0,4.0
1338,0.012626988930065048,0.08391397900938417,4.0,4.0
1339,0.015174860174960222,0.06911770699848296,4.0,4.0
1340,0.032902560894776556,0.06768543695717963,4.0,4.0
1341,0.015156323013074603,0.06924194372003509,4.0,4.0
1342,0.03301482493493523,0.0675000891688079,4.0,4.0
1343,0.012610446175548802,0.08408997192129901,4.0,4.0
1344,0.03300999866740053,0.06759613429291732,4.0,4.0
1345,0.014936692765336167,0.06920054954290172,4.0,4.0
1346,0.012615110908217883,0.08392511364880263,4.0,4.0
1347,0.015095108141026983,0.0690285205583764,4.0,4.0
1348,0.012693383779389052,0.08401472630826433,4.0,4.0
1349,0.015098790602765132,0.06931123225555903,4.0,4.0
1350,0.04728797073759873,0.010589390166988098,4.0,5.0
1351,0.04880219116469809,0.06563002167657732,4.0,5.0
1352,0.04871344133336507,0.06587061360010504,4.0,5.0
1353,0.047228405565532205,0.010705879526290782,4.0,5.0
1354,0.07283797348565786,0.054029745771427724,4.0,5.0
1355,0.04877426619184345,0.06580305174195519,4.0,5.0
1356,0.07281052723052052,0.05394950472313881,4.0,5.0
1357,0.0730023323415207,0.05400032680598937,4.0,5.0
1358,0.04877531464689662,0.06574016902482846,4.0,5.0
1359,0.04736928854840604,0.01055849610499159,4.0,5.0
1360,0.04865704545743635,0.06572285179723153,4.0,5.0
1361,0.04725785595139297,0.010713611862877661,4.0,5.0
1362,0.047400093899968396,0.010513832121615614,4.0,5.0
1363,0.07286590379182924,0.053916028043943055,4.0,5.0
1364,0.04726180516561149,0.010615598492908987,4.0,5.0
1365,0.04882553807753925,0.06559460546248959,4.0,5.0
1366,0.04735105018543516,0.010588872565902019,4.0,5.0
1367,0.04887467437165207,0.06583111139586247,4.0,5.0
1368,0.07288174953248786,0.05393179011120727,4.0,5.0
1369,0.07301662006253891,0.05396023595040188,4.0,5.0
1370,0.07286596843414979,0.054125946508977674,4.0,5.0
1371,0.048885755521651315,0.06578803207163812,4.0,5.0
1372,0.0728810185178579,0.05401903805367491,4.0,5.0
1373,0.07287872614676551,0.05392937896296531,4.0,5.0
1374,0.04872167010621996,0.06567230390058558,4.0,5.0
1375,0.07294885267398674,0.05417968834058471,4.0,5.0
1376,0.04878233442914808,0.06563232708038587,4.0,5.0
1377,0.04736039410354242,0.010549294948817062,4.0,5.0
1378,0.04739967849426568,0.010721624654190133,4.0,5.0
1379,0.04729413974467043,0.010433828519391595,4.0,5.0
1380,0.027671591717351427,0.037127380871150625,4.0,6.0
1381,0.04085122643888643,0.061319206631870606,4.0,6.0
1382,0.04084501064814229,0.06110637725991452,4.0,6.0
1383,0.02776256167665606,0.03732686919753723,4.0,6.0
1384,0.027591931947497653,0.03742364472076511,4.0,6.0
1385,0.02766342689490004,0.037433351907686555,4.0,6.0
1386,0.0276838327177436,0.03742600845301428,4.0,6.0
1387,0.040783817259124305,0.06138456226899145,4.0,6.0
1388,0.09753810229172216,0.08167448993145547,4.0,6.0
1389,0.02780781575560122,0.03742602211498428,4.0,6.0
1390,0.04065692792635861,0.06128657118625677,4.0,6.0
1391,0.09753425510221372,0.08165514970829718,4.0,6.0
1392,0.04076634317427169,0.06137103130396315,4.0,6.0
1393,0.09770053586911219,0.08138416075484234,4.0,6.0
1394,0.027901739818458074,0.037453987347939484,4.0,6.0
1395,0.027695694288984267,0.03736283905492772,4.0,6.0
1396,0.09765140895078522,0.08159516665804906,4.0,6.0
1397,0.02777071019695912,0.03722882995642787,4.0,6.0
1398,0.04087999400969255,0.061151185337803504,4.0,6.0
1399,0.09767634653835952,0.08149293926163292,4.0,6.0
1400,0.0406375803742565,0.061304506852770745,4.0,6.0
1401,0.040659198172508515,0.06115639376052669,4.0,6.0
1402,0.04054282443321533,0.06098802172474404,4.0,6.0
1403,0.09763551653011843,0.08159042267165423,4.0,6.0
1404,0.09747042997851613,0.08145055682204533,4.0,6.0
1405,0.04075269116170423,0.06147190508079933,4.0,6.0
1406,0.02780029265376806,0.037272414927233474,4.0,6.0
1407,0.09772650892354699,0.08145819228485052,4.0,6.0
1408,0.09768629175918292,0.08138218845051241,4.0,6.0
1409,0.09753177288898371,0.08131833950547582,4.0,6.0
1410,0.05104082695959395,0.0698181879736866,4.0,7.0
1411,0.01659274386223423,0.08823727194555295,4.0,7.0
1412,0.05124496857680302,0.06990708033684732,4.0,7.0
1413,0.05115985572828012,0.0697702795800826,4.0,7.0
1414,0.016440535320737908,0.08847396177913955,4.0,7.0
1415,0.029776155291738122,0.0899707901920187,4.0,7.0
1416,0.01662823725406784,0.08839818714145942,4.0,7.0
1417,0.029832537085798062,0.08992768209481596,4.0,7.0
1418,0.02984942189487181,0.08989581503776209,4.0,7.0
1419,0.05118436686616903,0.06986814754306137,4.0,7.0
1420,0.05112952320930233,0.06993651294922859,4.0,7.0
1421,0.029776456433993133,0.08987419277731533,4.0,7.0
1422,0.016475621414362106,0.08838526393152943,4.0,7.0
1423,0.05098269487391499,0.06989973548092276,4.0,7.0
1424,0.0296952651182375,0.08990528207662617,4.0,7.0
1425,0.016634064508519345,0.08844820017425391,4.0,7.0
1426,0.05129246551059363,0.06991088341531966,4.0,7.0
1427,0.02973474784621629,0.0899123035139043,4.0,7.0
1428,0.051161573745890664,0.06989801076640564,4.0,7.0
1429,0.01647503072320264,0.0883256175572932,4.0,7.0
1430,0.05110821346193365,0.06993962936267573,4.0,7.0
1431,0.029753638885052305,0.08974379775262382,4.0,7.0
1432,0.016512475195364678,0.08844424838251806,4.0,7.0
1433,0.029712135322250168,0.08988526384293243,4.0,7.0
1434,0.016745264564490134,0.08841313676882097,4.0,7.0
1435,0.051099385993032986,0.06998652162621356,4.0,7.0
1436,0.02981120519824487,0.08999839324336094,4.0,7.0
1437,0.029808570891684642,0.08984955924488855,4.0,7.0
1438,0.01649143941305747,0.08826313235068796,4.0,7.0
1439,0.016619583347445874,0.08825434221811349,4.0,7.0
1440,0.05116077659002332,0.058235888220909374,4.0,8.0
1441,0.03508713534093764,0.027389737262363753,4.0,8.0
1442,0.05127792540219982,0.05805856086065416,4.0,8.0
1443,0.054627603222676936,0.06122005931760929,4.0,8.0
1444,0.05126795427463882,0.058067505427792744,4.0,8.0
1445,0.05127109112576796,0.057954051856319556,4.0,8.0
1446,0.05127362428447726,0.058160201543918794,4.0,8.0
1447,0.05457962908018027,0.06138073004588768,4.0,8.0
1448,0.03498225866771819,0.027362164847955048,4.0,8.0
1449,0.051188514274034175,0.05810014258148297,4.0,8.0
1450,0.0348246979952961,0.02735154114390114,4.0,8.0
1451,0.03482669561887118,0.027511658403438017,4.0,8.0
1452,0.05466205499984116,0.061438614558344776,4.0,8.0
1453,0.03476786694889425,0.027357528975487853,4.0,8.0
1454,0.051305807118932976,0.058008673456530616,4.0,8.0
1455,0.035017600024518716,0.0274343043641038,4.0,8.0
1456,0.03496440555170371,0.027459099737783474,4.0,8.0
1457,0.051115851752305805,0.058238114422129034,4.0,8.0
1458,0.03505867352383007,0.027421710811471794,4.0,8.0
1459,0.05450702485287442,0.06136237364267026,4.0,8.0
1460,0.054572729736218836,0.061503360931522796,4.0,8.0
1461,0.05457710115972849,0.06135753968892698,4.0,8.0
1462,0.05470548918023803,0.06140495447565497,4.0,8.0
1463,0.05467007770617522,0.06150904676433315,4.0,8.0
1464,0.03491359140922373,0.027618328903489964,4.0,8.0
1465,0.05114902437727663,0.05819007925148726,4.0,8.0
1466,0.05454447489199641,0.06137071202915035,4.0,8.0
1467,0.05108257040075125,0.05821701479447717,4.0,8.0
1468,0.05446543333523997,0.06133198780463978,4.0,8.0
1469,0.034806136916517405,0.027236741654171514,4.0,8.0
1470,0.09392301709319516,0.030348604830451143,4.0,9.0
1471,0.09389963112124888,0.03032165102227016,4.0,9.0
1472,0.020830534611631937,0.013377964504856435,4.0,9.0
1473,0.02083729496930612,0.01336012520852929,4.0,9.0
1474,0.021002422038969834,0.013223055433000331,4.0,9.0
1475,0.020811891285110393,0.013258860411367222,4.0,9.0
1476,0.07519911505583139,0.0408997033756737,4.0,9.0
1477,0.07493894111639031,0.04101732872860772,4.0,9.0
1478,0.09395088183585323,0.030378526587925555,4.0,9.0
1479,0.02081143530927674,0.013372169811345879,4.0,9.0
1480,0.09401668135814062,0.03042069861297496,4.0,9.0
1481,0.07501954498466193,0.04104146417958971,4.0,9.0
1482,0.0751843053762949,0.04094517517184418,4.0,9.0
1483,0.07500879128926374,0.0408911696162077,4.0,9.0
1484,0.020738230879968792,0.013223550004219639,4.0,9.0
1485,0.02084923514625531,0.013349143687515878,4.0,9.0
1486,0.07509066884374768,0.040846086150194076,4.0,9.0
1487,0.09401276107010254,0.030433245062822658,4.0,9.0
1488,0.020810064284795707,0.01310229455190573,4.0,9.0
1489,0.02097865006255413,0.01338571270564244,4.0,9.0
1490,0.09392075383705735,0.030436509723820785,4.0,9.0
1491,0.09390936740039525,0.03023704193210884,4.0,9.0
1492,0.020555679203619184,0.013309818959822313,4.0,9.0
1493,0.07495888786894056,0.04108424019935606,4.0,9.0
1494,0.07513914510662834,0.04104330576320679,4.0,9.0
1495,0.07499999959428102,0.04100433123197828,4.0,9.0
1496,0.07496498394746408,0.04093329820345399,4.0,9.0
1497,0.09402016801212627,0.030367882728833537,4.0,9.0
1498,0.09404921557097437,0.030199887769492204,4.0,9.0
1499,0.09400378595706284,0.030264768658327838,4.0,9.0
