x,y,epoch,batch,difference
-0.0083503732457757,0.13579313457012177,1,7,0.0
-0.0083503732457757,0.13579313457012177,1,7,0.0
-0.0083503732457757,0.13579313457012177,1,7,0.0
-0.0083503732457757,0.13579313457012177,1,7,0.0
-0.0083503732457757,0.13579313457012177,1,7,0.0
-0.01602974347770214,0.2623125910758972,2,7,0.0
-0.01602974347770214,0.2623125910758972,2,7,0.0
-0.01602974347770214,0.2623125910758972,2,7,0.0
-0.01602974347770214,0.2623125910758972,2,7,0.0
-0.01602974347770214,0.2623125910758972,2,7,0.0
-0.02311912551522255,0.38034141063690186,3,7,0.0
-0.02311912551522255,0.38034141063690186,3,7,0.0
-0.02311912551522255,0.38034141063690186,3,7,0.0
-0.02311912551522255,0.38034141063690186,3,7,0.0
-0.02311912551522255,0.38034141063690186,3,7,0.0
-0.02968250773847103,0.49055665731430054,4,7,0.0
-0.02968250773847103,0.49055665731430054,4,7,0.0
-0.02968250773847103,0.49055665731430054,4,7,0.0
-0.02968250773847103,0.49055665731430054,4,7,0.0
-0.02968250773847103,0.49055665731430054,4,7,0.0
-0.03577115386724472,0.5935519933700562,5,7,0.0
-0.03577115386724472,0.5935519933700562,5,7,0.0
-0.03577115386724472,0.5935519933700562,5,7,0.0
-0.03577115386724472,0.5935519933700562,5,7,0.0
-0.03577115386724472,0.5935519933700562,5,7,0.0
-0.041426707059144974,0.6898526549339294,6,7,0.0
-0.041426707059144974,0.6898526549339294,6,7,0.0
-0.041426707059144974,0.6898526549339294,6,7,0.0
-0.041426707059144974,0.6898526549339294,6,7,0.0
-0.041426707059144974,0.6898526549339294,6,7,0.0
-0.04668344184756279,0.7799261808395386,7,7,0.0
-0.04668344184756279,0.7799261808395386,7,7,0.0
-0.04668344184756279,0.7799261808395386,7,7,0.0
-0.04668344184756279,0.7799261808395386,7,7,0.0
-0.04668344184756279,0.7799261808395386,7,7,0.0
-0.051569998264312744,0.8641910552978516,8,7,0.0
-0.051569998264312744,0.8641910552978516,8,7,0.0
-0.051569998264312744,0.8641910552978516,8,7,0.0
-0.051569998264312744,0.8641910552978516,8,7,0.0
-0.051569998264312744,0.8641910552978516,8,7,0.0
-0.0561106875538826,0.9430230855941772,9,7,0.0
-0.0561106875538826,0.9430230855941772,9,7,0.0
-0.0561106875538826,0.9430230855941772,9,7,0.0
-0.0561106875538826,0.9430230855941772,9,7,0.0
-0.0561106875538826,0.9430230855941772,9,7,0.0
-0.060326527804136276,1.0167614221572876,10,7,0.0
-0.060326527804136276,1.0167614221572876,10,7,0.0
-0.060326527804136276,1.0167614221572876,10,7,0.0
-0.060326527804136276,1.0167614221572876,10,7,0.0
-0.060326527804136276,1.0167614221572876,10,7,0.0
-0.06423604488372803,1.085713505744934,11,7,0.0
-0.06423604488372803,1.085713505744934,11,7,0.0
-0.06423604488372803,1.085713505744934,11,7,0.0
-0.06423604488372803,1.085713505744934,11,7,0.0
-0.06423604488372803,1.085713505744934,11,7,0.0
-0.06785589456558228,1.1501598358154297,12,7,0.0
-0.06785589456558228,1.1501598358154297,12,7,0.0
-0.06785589456558228,1.1501598358154297,12,7,0.0
-0.06785589456558228,1.1501598358154297,12,7,0.0
-0.06785589456558228,1.1501598358154297,12,7,0.0
-0.0712013840675354,1.2103581428527832,13,7,0.0
-0.0712013840675354,1.2103581428527832,13,7,0.0
-0.0712013840675354,1.2103581428527832,13,7,0.0
-0.0712013840675354,1.2103581428527832,13,7,0.0
-0.0712013840675354,1.2103581428527832,13,7,0.0
-0.0742868185043335,1.2665469646453857,14,7,0.0
-0.0742868185043335,1.2665469646453857,14,7,0.0
-0.0742868185043335,1.2665469646453857,14,7,0.0
-0.0742868185043335,1.2665469646453857,14,7,0.0
-0.0742868185043335,1.2665469646453857,14,7,0.0
-0.07712578028440475,1.31894850730896,15,7,0.0
-0.07712578028440475,1.31894850730896,15,7,0.0
-0.07712578028440475,1.31894850730896,15,7,0.0
-0.07712578028440475,1.31894850730896,15,7,0.0
-0.07712578028440475,1.31894850730896,15,7,0.0
-0.0797313004732132,1.3677717447280884,16,7,0.0
-0.0797313004732132,1.3677717447280884,16,7,0.0
-0.0797313004732132,1.3677717447280884,16,7,0.0
-0.0797313004732132,1.3677717447280884,16,7,0.0
-0.0797313004732132,1.3677717447280884,16,7,0.0
-0.0821160227060318,1.413214087486267,17,7,0.0
-0.0821160227060318,1.413214087486267,17,7,0.0
-0.0821160227060318,1.413214087486267,17,7,0.0
-0.0821160227060318,1.413214087486267,17,7,0.0
-0.0821160227060318,1.413214087486267,17,7,0.0
-0.08429215848445892,1.4554635286331177,18,7,0.0
-0.08429215848445892,1.4554635286331177,18,7,0.0
-0.08429215848445892,1.4554635286331177,18,7,0.0
-0.08429215848445892,1.4554635286331177,18,7,0.0
-0.08429215848445892,1.4554635286331177,18,7,0.0
-0.08627157658338547,1.4946993589401245,19,7,7.450580596923828e-09
-0.08627157658338547,1.4946993589401245,19,7,7.450580596923828e-09
-0.08627157658338547,1.4946993589401245,19,7,7.450580596923828e-09
-0.08627157658338547,1.4946993589401245,19,7,7.450580596923828e-09
-0.08627157658338547,1.4946993589401245,19,7,7.450580596923828e-09
-0.0880657285451889,1.531093955039978,20,7,0.0
-0.0880657285451889,1.531093955039978,20,7,0.0
-0.0880657285451889,1.531093955039978,20,7,0.0
-0.0880657285451889,1.531093955039978,20,7,0.0
-0.0880657285451889,1.531093955039978,20,7,0.0
-0.08968549221754074,1.5648127794265747,21,7,0.0
-0.08968549966812134,1.5648127794265747,21,7,7.450580596923828e-09
-0.08968549966812134,1.5648127794265747,21,7,7.450580596923828e-09
-0.08968549221754074,1.5648127794265747,21,7,0.0
-0.08968549221754074,1.5648127794265747,21,7,0.0
-0.09114115685224533,1.5960147380828857,22,7,0.0
-0.09114115685224533,1.5960147380828857,22,7,0.0
-0.09114114940166473,1.5960147380828857,22,7,7.450580596923828e-09
-0.09114115685224533,1.5960147380828857,22,7,0.0
-0.09114114940166473,1.5960147380828857,22,7,7.450580596923828e-09
-0.09244218468666077,1.6248526573181152,23,7,0.0
-0.09244218468666077,1.6248526573181152,23,7,0.0
-0.09244217723608017,1.6248526573181152,23,7,7.450580596923828e-09
-0.09244218468666077,1.6248526573181152,23,7,0.0
-0.09244218468666077,1.6248526573181152,23,7,0.0
-0.09359708428382874,1.6514732837677002,24,7,1.4901161193847656e-08
-0.09359706938266754,1.6514732837677002,24,7,0.0
-0.09359706938266754,1.6514732837677002,24,7,0.0
-0.09359706938266754,1.6514732837677002,24,7,0.0
-0.09359706938266754,1.6514732837677002,24,7,0.0
-0.09461304545402527,1.6760172843933105,25,7,0.0
-0.09461304545402527,1.6760172843933105,25,7,0.0
-0.09461304545402527,1.6760172843933105,25,7,0.0
-0.09461304545402527,1.6760172843933105,25,7,0.0
-0.09461304545402527,1.6760172843933105,25,7,0.0
-0.0954957902431488,1.6986191272735596,26,7,0.0
-0.0954957902431488,1.6986191272735596,26,7,0.0
-0.0954957902431488,1.6986191272735596,26,7,0.0
-0.09549580514431,1.6986191272735596,26,7,1.4901161193847656e-08
-0.09549580514431,1.6986191272735596,26,7,1.4901161193847656e-08
-0.096249058842659,1.7194066047668457,27,7,0.0
-0.096249058842659,1.7194066047668457,27,7,0.0
-0.096249058842659,1.7194066047668457,27,7,0.0
-0.096249058842659,1.7194066047668457,27,7,0.0
-0.09624907374382019,1.7194066047668457,27,7,1.4901161193847656e-08
-0.0968741923570633,1.7385016679763794,28,7,0.0
-0.0968741923570633,1.7385016679763794,28,7,0.0
-0.0968741923570633,1.7385016679763794,28,7,0.0
-0.0968741923570633,1.7385016679763794,28,7,0.0
-0.0968741923570633,1.7385016679763794,28,7,0.0
-0.09736944735050201,1.7560192346572876,29,7,0.0
-0.09736944735050201,1.7560192346572876,29,7,0.0
-0.09736944735050201,1.7560192346572876,29,7,0.0
-0.09736944735050201,1.7560192346572876,29,7,0.0
-0.09736944735050201,1.7560192346572876,29,7,0.0
-0.09772909432649612,1.7720680236816406,30,7,0.0
-0.09772909432649612,1.7720680236816406,30,7,0.0
-0.09772909432649612,1.7720680236816406,30,7,0.0
-0.09772909432649612,1.7720680236816406,30,7,0.0
-0.09772909432649612,1.7720680236816406,30,7,0.0
-0.09794226288795471,1.7867499589920044,31,7,0.0
-0.09794226288795471,1.7867499589920044,31,7,0.0
-0.09794226288795471,1.7867499589920044,31,7,0.0
-0.09794226288795471,1.7867499589920044,31,7,0.0
-0.09794226288795471,1.7867499589920044,31,7,0.0
-0.09799140691757202,1.8001610040664673,32,7,2.9802322387695312e-08
-0.09799143671989441,1.8001610040664673,32,7,0.0
-0.09799143671989441,1.8001610040664673,32,7,0.0
-0.09799143671989441,1.8001610040664673,32,7,0.0
-0.09799143671989441,1.8001610040664673,32,7,0.0
-0.09785010665655136,1.8123905658721924,33,7,2.2351741790771484e-08
-0.09785009175539017,1.8123905658721924,33,7,7.450580596923828e-09
-0.09785008430480957,1.8123905658721924,33,7,0.0
-0.09785009175539017,1.8123905658721924,33,7,7.450580596923828e-09
-0.09785008430480957,1.8123905658721924,33,7,0.0
-0.09747978299856186,1.8235217332839966,34,7,0.0
-0.09747979044914246,1.8235217332839966,34,7,7.450580596923828e-09
-0.09747978299856186,1.8235217332839966,34,7,0.0
-0.09747977554798126,1.8235217332839966,34,7,7.450580596923828e-09
-0.09747978299856186,1.8235217332839966,34,7,0.0
-0.09682612121105194,1.8336327075958252,35,7,0.0
-0.09682612121105194,1.8336327075958252,35,7,0.0
-0.09682612121105194,1.8336327075958252,35,7,0.0
-0.09682613611221313,1.8336327075958252,35,7,1.4901161193847656e-08
-0.09682612121105194,1.8336327075958252,35,7,0.0
-0.09581293165683746,1.8427969217300415,36,7,0.0
-0.09581291675567627,1.8427969217300415,36,7,1.4901161193847656e-08
-0.09581293165683746,1.8427969217300415,36,7,0.0
-0.09581293165683746,1.8427969217300415,36,7,0.0
-0.09581287950277328,1.8427969217300415,36,7,5.21540641784668e-08
-0.0943346917629242,1.8510838747024536,37,7,2.9802322387695312e-08
-0.0943346917629242,1.8510838747024536,37,7,2.9802322387695312e-08
-0.0943346917629242,1.8510838747024536,37,7,2.9802322387695312e-08
-0.09433472156524658,1.8510838747024536,37,7,0.0
-0.09433473646640778,1.8510838747024536,37,7,1.4901161193847656e-08
-0.09224627912044525,1.858561396598816,38,7,1.4901161193847656e-08
-0.09224623441696167,1.858561396598816,38,7,5.960464477539063e-08
-0.09224631637334824,1.858561396598816,38,7,2.2351741790771484e-08
-0.09224629402160645,1.858561396598816,38,7,0.0
-0.09224623441696167,1.858561396598816,38,7,5.960464477539063e-08
-0.08934897184371948,1.8652989864349365,39,7,1.4901161193847656e-08
-0.08934900909662247,1.8652989864349365,39,7,5.21540641784668e-08
-0.08934897184371948,1.8652989864349365,39,7,1.4901161193847656e-08
-0.08934895694255829,1.8652989864349365,39,7,0.0
-0.08934895694255829,1.8652989864349365,39,7,0.0
-0.08537241071462631,1.8713709115982056,40,7,5.21540641784668e-08
-0.08537238836288452,1.8713709115982056,40,7,2.9802322387695312e-08
-0.08537229895591736,1.8713709115982056,40,7,4.470348358154297e-08
-0.08537241071462631,1.8713709115982056,40,7,5.21540641784668e-08
-0.08537233620882034,1.8713709115982056,40,7,2.2351741790771484e-08
-0.07995066791772842,1.8768624067306519,41,7,1.4901161193847656e-08
-0.0799507200717926,1.8768624067306519,41,7,2.9802322387695312e-08
-0.07995060086250305,1.8768624067306519,41,7,7.450580596923828e-08
-0.07995066791772842,1.8768624067306519,41,7,1.4901161193847656e-08
-0.07995066791772842,1.8768624067306519,41,7,1.4901161193847656e-08
-0.07259157299995422,1.8818774223327637,42,7,1.4901161193847656e-08
-0.07259157299995422,1.8818774223327637,42,7,1.4901161193847656e-08
-0.07259145379066467,1.8818774223327637,42,7,1.1920928955078125e-07
-0.07259161025285721,1.8818774223327637,42,7,7.450580596923828e-09
-0.07259146869182587,1.8818774223327637,42,7,1.043081283569336e-07
-0.06263253837823868,1.8865493535995483,43,7,4.470348358154297e-08
-0.06263241916894913,1.8865493535995483,43,7,5.960464477539063e-08
-0.06263244152069092,1.8865493535995483,43,7,3.725290298461914e-08
-0.06263234466314316,1.8865493535995483,43,7,1.1920928955078125e-07
-0.06263241171836853,1.8865493535995483,43,7,6.705522537231445e-08
-0.04917463660240173,1.891054391860962,44,7,1.0803341865539551e-07
-0.04917498305439949,1.891054391860962,44,7,2.0874926039758176e-07
-0.04917500913143158,1.891054391860962,44,7,2.2429217731193258e-07
-0.04917467385530472,1.891054391860962,44,7,8.195638656616211e-08
-0.04917461425065994,1.891054391860962,44,7,1.30385160446167e-07
-0.030970390886068344,1.8956304788589478,45,7,1.0058283805847168e-07
-0.030970413237810135,1.8956304788589478,45,7,1.2293457984924316e-07
-0.03097047656774521,1.8956304788589478,45,7,1.6763806343078613e-07
-0.030970390886068344,1.8956304788589478,45,7,1.0058283805847168e-07
-0.030970167368650436,1.8956304788589478,45,7,1.4057727354849284e-07
-0.006207454949617384,1.9006056785583496,46,7,2.0116567611520864e-07
-0.006207332015037536,1.9006056785583496,46,7,1.0058283805760432e-07
-0.006206877529621126,1.9006056785583496,46,7,2.1234154701059438e-07
-0.006207335740327834,1.9006056785583496,46,7,1.0430812835606623e-07
-0.006207559257745741,1.9006056785583496,46,7,2.756714820844469e-07
0.027910538017749783,1.906454086303711,47,7,3.4272670745502665e-07
0.02790960669517517,1.906454086303711,47,7,2.384185791015625e-07
0.02791052311658859,1.906454086303711,47,7,3.576278686488743e-07
0.027909576892852783,1.906454086303711,47,7,2.5331974029541016e-07
0.02791052311658859,1.906454086303711,47,7,3.576278686488743e-07
0.07596077769994736,1.913903832435608,48,7,3.2782554626464844e-07
0.07595937699079514,1.9139037132263184,48,7,4.3213367462158203e-07
0.07595954090356827,1.9139037132263184,48,7,3.488272401904948e-07
0.07596049457788467,1.913903832435608,48,7,1.9371509552001953e-07
0.07595940679311752,1.9139037132263184,48,7,4.023313522338867e-07
0.1455332487821579,1.924140214920044,49,7,5.21540641784668e-07
0.14553149044513702,1.9241400957107544,49,7,3.769728732309794e-07
0.14553149044513702,1.9241400957107544,49,7,3.769728732309794e-07
0.14553208649158478,1.924140214920044,49,7,8.940696716308594e-08
0.14553149044513702,1.9241400957107544,49,7,3.769728732309794e-07
0.2472100555896759,1.9389811754226685,50,7,3.488272401904948e-07
0.24721014499664307,1.9389811754226685,50,7,3.5762786865234375e-07
0.247207909822464,1.9389809370040894,50,7,5.786564302130818e-07
0.247207909822464,1.9389809370040894,50,7,5.786564302130818e-07
0.24721014499664307,1.9389811754226685,50,7,3.5762786865234375e-07
0.38607269525527954,1.9601575136184692,51,7,5.495276723678641e-07
0.3860704302787781,1.9601571559906006,51,7,3.769728732309794e-07
0.3860703110694885,1.9601571559906006,51,7,3.769728732309794e-07
0.38607269525527954,1.9601575136184692,51,7,5.495276723678641e-07
0.3860703110694885,1.9601571559906006,51,7,3.769728732309794e-07
0.5465917587280273,1.9871342182159424,52,7,3.2098083538618706e-07
0.5465917587280273,1.9871342182159424,52,7,3.2098083538618706e-07
0.5465917587280273,1.9871342182159424,52,7,3.2098083538618706e-07
0.5465917587280273,1.9871342182159424,52,7,3.2098083538618706e-07
0.5465917587280273,1.9871342182159424,52,7,3.2098083538618706e-07
0.7047581672668457,2.0172905921936035,53,7,3.5762786865234375e-07
0.704757809638977,2.0172905921936035,53,7,3.816559456248789e-07
0.7047581672668457,2.0172905921936035,53,7,3.5762786865234375e-07
0.7047581672668457,2.0172905921936035,53,7,3.5762786865234375e-07
0.7047580480575562,2.0172905921936035,53,7,4.805480091749757e-07
0.849282443523407,2.0484771728515625,54,7,3.5762786865234375e-07
0.8492823839187622,2.0484771728515625,54,7,2.980232238769531e-07
0.8492820858955383,2.0484771728515625,54,7,1.7881393432617188e-07
0.8492812514305115,2.0484769344329834,54,7,2.980232238769531e-07
0.8492821455001831,2.0484771728515625,54,7,1.1920928955078125e-07
-0.7937958240509033,1.7886062860488892,55,7,8.678567277527473e-07
0.9788857698440552,2.0795674324035645,55,7,2.384185791015625e-07
0.9788855314254761,2.0795674324035645,55,7,2.384185791015625e-07
0.9788860082626343,2.0795674324035645,55,7,4.76837158203125e-07
0.9788857698440552,2.0795674324035645,55,7,2.384185791015625e-07
-1.0368006229400635,1.7300423383712769,56,7,3.769728732309794e-07
-1.0367988348007202,1.7300426959991455,56,7,3.5762786865234375e-07
1.0953028202056885,2.10998797416687,56,7,2.384185791015625e-07
1.0953035354614258,2.109988212585449,56,7,4.2981520598697533e-07
1.0953034162521362,2.10998797416687,56,7,2.384185791015625e-07
-1.1913666725158691,1.6870073080062866,57,7,1.1920928955078125e-07
1.2005715370178223,2.139415740966797,57,7,2.384185791015625e-07
-1.19136643409729,1.6870074272155762,57,7,3.769728732309794e-07
1.2005715370178223,2.139415740966797,57,7,2.384185791015625e-07
1.2005715370178223,2.139415740966797,57,7,2.384185791015625e-07
1.2963944673538208,2.1676530838012695,58,7,1.1920928955078125e-07
1.2963944673538208,2.1676530838012695,58,7,1.1920928955078125e-07
1.2963947057724,2.1676530838012695,58,7,1.1920928955078125e-07
1.2963947057724,2.1676530838012695,58,7,1.1920928955078125e-07
1.2963942289352417,2.1676530838012695,58,7,2.384185791015625e-07
1.3840984106063843,2.1945769786834717,59,7,2.384185791015625e-07
-1.4173176288604736,1.618140459060669,59,7,0.0
1.3840986490249634,2.194577217102051,59,7,0.0
-1.4173176288604736,1.618140459060669,59,7,0.0
-1.4173178672790527,1.618140459060669,59,7,2.384185791015625e-07
-1.5071934461593628,1.5896940231323242,60,7,0.0
-1.507193684577942,1.5896940231323242,60,7,0.0
-1.507193684577942,1.5896940231323242,60,7,0.0
-1.5071935653686523,1.5896940231323242,60,7,1.1920928955078125e-07
-1.507193684577942,1.5896940231323242,60,7,0.0
-1.5865052938461304,1.5645313262939453,61,7,0.0
-1.5865049362182617,1.5645314455032349,61,7,1.6858739404357614e-07
1.539023518562317,2.2442264556884766,61,7,0.0
1.539023518562317,2.2442264556884766,61,7,0.0
-1.58650541305542,1.5645312070846558,61,7,1.6858739404357614e-07
1.6076955795288086,2.2669053077697754,62,7,0.0
-1.6570874452590942,1.542325735092163,62,7,6.07850493620966e-07
-1.6570873260498047,1.542325735092163,62,7,4.915124923727108e-07
-1.6570868492126465,1.5423258543014526,62,7,0.0
1.6076955795288086,2.2669053077697754,62,7,0.0
1.6712610721588135,2.2881622314453125,63,7,0.0
1.6712613105773926,2.2881624698638916,63,7,3.371747880871523e-07
-1.7201859951019287,1.5228062868118286,63,7,0.0
-1.720186471939087,1.522806167602539,63,7,0.0
-1.7201859951019287,1.5228062868118286,63,7,0.0
-1.7767243385314941,1.505730390548706,64,7,1.1920928955078125e-07
1.730180263519287,2.30802583694458,64,7,3.371747880871523e-07
1.730180263519287,2.30802583694458,64,7,3.371747880871523e-07
-1.7767243385314941,1.5057305097579956,64,7,0.0
1.730180263519287,2.30802583694458,64,7,3.371747880871523e-07
1.7848577499389648,2.3265373706817627,65,7,2.384185791015625e-07
-1.8274273872375488,1.4908761978149414,65,7,1.1920928955078125e-07
1.7848577499389648,2.3265371322631836,65,7,0.0
1.784857988357544,2.3265373706817627,65,7,3.371747880871523e-07
1.784857988357544,2.3265373706817627,65,7,3.371747880871523e-07
-1.8729002475738525,1.4780354499816895,66,7,2.384185791015625e-07
-1.872900366783142,1.4780353307724,66,7,3.769728732309794e-07
-1.8729000091552734,1.4780354499816895,66,7,0.0
-1.8729000091552734,1.4780354499816895,66,7,0.0
1.835654377937317,2.3437461853027344,66,7,0.0
-1.913665533065796,1.4670135974884033,67,7,2.6656007498500226e-07
1.8829002380371094,2.3597092628479004,67,7,0.0
-1.9136652946472168,1.4670137166976929,67,7,0.0
-1.913665533065796,1.4670135974884033,67,7,2.6656007498500226e-07
1.8829002380371094,2.3597092628479004,67,7,0.0
-1.9501855373382568,1.457629919052124,68,7,0.0
1.9268982410430908,2.374485492706299,68,7,2.384185791015625e-07
-1.9501855373382568,1.457629919052124,68,7,0.0
1.9268980026245117,2.374485492706299,68,7,2.384185791015625e-07
-1.9501855373382568,1.457629919052124,68,7,0.0
1.9679279327392578,2.3881373405456543,69,7,2.384185791015625e-07
-1.9828779697418213,1.449716567993164,69,7,0.0
-1.9828776121139526,1.4497166872024536,69,7,3.769728732309794e-07
-1.9828782081604004,1.449716567993164,69,7,3.5762786865234375e-07
-1.9828782081604004,1.449716567993164,69,7,3.5762786865234375e-07
2.00624942779541,2.400726079940796,70,7,0.0
2.00624942779541,2.400726079940796,70,7,0.0
2.00624942779541,2.400726079940796,70,7,0.0
-2.0121216773986816,1.4431190490722656,70,7,0.0
-2.0121216773986816,1.4431190490722656,70,7,0.0
-2.038264036178589,1.4376962184906006,71,7,2.384185791015625e-07
2.0421040058135986,2.4123120307922363,71,7,0.0
-2.038264513015747,1.4376962184906006,71,7,1.1920928955078125e-07
2.0421040058135986,2.4123120307922363,71,7,0.0
2.0421040058135986,2.4123120307922363,71,7,0.0
-2.061624765396118,1.433319091796875,72,7,0.0
-2.061624765396118,1.433319091796875,72,7,0.0
-2.061624765396118,1.433319091796875,72,7,0.0
2.075714111328125,2.4229536056518555,72,7,0.0
2.075714111328125,2.4229536056518555,72,7,0.0
2.1072869300842285,2.432705879211426,73,7,2.384185791015625e-07
2.1072869300842285,2.432705879211426,73,7,2.384185791015625e-07
2.1072869300842285,2.432705879211426,73,7,2.384185791015625e-07
2.1072869300842285,2.432705879211426,73,7,2.384185791015625e-07
2.1072864532470703,2.432705879211426,73,7,2.384185791015625e-07
2.137011766433716,2.4416205883026123,74,7,0.0
-2.101151466369629,1.4272476434707642,74,7,0.0
2.137011766433716,2.4416205883026123,74,7,0.0
-2.10115122795105,1.4272477626800537,74,7,0.0
2.137011766433716,2.4416205883026123,74,7,0.0
-2.1178383827209473,1.425352931022644,75,7,0.0
2.165062427520752,2.4497456550598145,75,7,0.0
2.165062427520752,2.4497456550598145,75,7,0.0
2.165062427520752,2.4497456550598145,75,7,0.0
2.165062427520752,2.4497456550598145,75,7,0.0
2.1915977001190186,2.457124948501587,76,7,2.384185791015625e-07
-2.132789373397827,1.4241018295288086,76,7,0.0
-2.132789373397827,1.4241018295288086,76,7,0.0
-2.132789373397827,1.4241018295288086,76,7,0.0
-2.132789373397827,1.4241018295288086,76,7,0.0
-2.146221399307251,1.4234167337417603,77,7,0.0
-2.146221399307251,1.4234167337417603,77,7,0.0
-2.146221399307251,1.4234167337417603,77,7,0.0
-2.146221876144409,1.4234166145324707,77,7,4.915124923727108e-07
2.2167627811431885,2.4637985229492188,77,7,0.0
-2.1583375930786133,1.4232276678085327,78,7,2.6656007498500226e-07
2.2406861782073975,2.4698026180267334,78,7,0.0
2.2406861782073975,2.4698028564453125,78,7,2.384185791015625e-07
-2.158337354660034,1.4232275485992432,78,7,2.384185791015625e-07
2.2406861782073975,2.4698028564453125,78,7,2.384185791015625e-07
2.26348876953125,2.475170850753784,79,7,4.76837158203125e-07
-2.1693310737609863,1.4234702587127686,79,7,0.0
2.263488292694092,2.475170850753784,79,7,0.0
-2.1693310737609863,1.423470139503479,79,7,1.1920928955078125e-07
2.263488292694092,2.475170850753784,79,7,0.0
-2.1793854236602783,1.4240849018096924,80,7,0.0
-2.1793859004974365,1.4240847826004028,80,7,0.0
2.285276412963867,2.479933261871338,80,7,0.0
2.285276412963867,2.479933261871338,80,7,0.0
-2.1793859004974365,1.4240847826004028,80,7,0.0
-2.1886842250823975,1.4250152111053467,81,7,0.0
-2.1886842250823975,1.4250152111053467,81,7,0.0
2.306149482727051,2.4841182231903076,81,7,2.384185791015625e-07
2.3061487674713135,2.4841179847717285,81,7,2.384185791015625e-07
2.3061490058898926,2.4841179847717285,81,7,2.384185791015625e-07
-2.197404146194458,1.4262076616287231,82,7,1.1920928955078125e-07
-2.197404146194458,1.4262076616287231,82,7,1.1920928955078125e-07
-2.197404146194458,1.4262076616287231,82,7,1.1920928955078125e-07
-2.197404146194458,1.4262075424194336,82,7,0.0
-2.197404146194458,1.4262075424194336,82,7,0.0
2.3455092906951904,2.4908645153045654,83,7,2.384185791015625e-07
2.3455090522766113,2.4908645153045654,83,7,0.0
-2.2057249546051025,1.4276093244552612,83,7,2.6656007498500226e-07
2.3455090522766113,2.4908645153045654,83,7,0.0
-2.2057247161865234,1.4276094436645508,83,7,5.331201499700045e-07
2.364166259765625,2.4934799671173096,84,7,2.384185791015625e-07
-2.213827610015869,1.4291679859161377,84,7,0.0
-2.213827610015869,1.4291679859161377,84,7,0.0
2.364166259765625,2.4934799671173096,84,7,2.384185791015625e-07
-2.213827610015869,1.4291679859161377,84,7,0.0
2.382251262664795,2.4956283569335938,85,7,0.0
2.382251262664795,2.4956283569335938,85,7,0.0
2.382251024246216,2.4956283569335938,85,7,2.384185791015625e-07
2.382251262664795,2.4956283569335938,85,7,0.0
2.382251262664795,2.4956283569335938,85,7,0.0
2.399845600128174,2.497339963912964,86,7,0.0
2.399846076965332,2.497339963912964,86,7,0.0
2.399846076965332,2.497339963912964,86,7,0.0
-2.230112075805664,1.4325504302978516,86,7,0.0
2.399846076965332,2.497339963912964,86,7,0.0
2.4170303344726562,2.498647689819336,87,7,0.0
2.4170303344726562,2.498647689819336,87,7,0.0
-2.2386555671691895,1.434273600578308,87,7,1.1920928955078125e-07
-2.2386555671691895,1.4342734813690186,87,7,0.0
2.4170303344726562,2.498647689819336,87,7,0.0
-2.2476985454559326,1.4359543323516846,88,7,0.0
2.4338865280151367,2.499586582183838,88,7,2.384185791015625e-07
2.4338865280151367,2.499586582183838,88,7,2.384185791015625e-07
-2.2476987838745117,1.4359543323516846,88,7,2.384185791015625e-07
2.4338862895965576,2.499586582183838,88,7,0.0
-2.257392644882202,1.437551736831665,89,7,5.331201499700045e-07
2.450488328933716,2.500192165374756,89,7,2.384185791015625e-07
2.4504880905151367,2.500192165374756,89,7,0.0
2.450488567352295,2.500192165374756,89,7,4.76837158203125e-07
2.450488567352295,2.500192165374756,89,7,4.76837158203125e-07
-2.267864465713501,1.4390320777893066,90,7,0.0
-2.2678639888763428,1.4390321969985962,90,7,1.1920928955078125e-07
2.4669063091278076,2.5005006790161133,90,7,0.0
-2.267864465713501,1.4390320777893066,90,7,0.0
2.4669063091278076,2.5005006790161133,90,7,0.0
-2.279207706451416,1.4403705596923828,91,7,0.0
-2.279207706451416,1.4403705596923828,91,7,0.0
-2.279207706451416,1.4403705596923828,91,7,0.0
2.4831960201263428,2.500547170639038,91,7,2.384185791015625e-07
-2.279207706451416,1.4403705596923828,91,7,0.0
2.4994022846221924,2.50036358833313,92,7,3.371747880871523e-07
-2.2914750576019287,1.4415533542633057,92,7,0.0
2.4994020462036133,2.500363349914551,92,7,0.0
2.4994020462036133,2.500363349914551,92,7,0.0
-2.2914750576019287,1.4415533542633057,92,7,0.0
-2.3046767711639404,1.4425783157348633,93,7,0.0
-2.3046765327453613,1.4425783157348633,93,7,2.384185791015625e-07
-2.3046765327453613,1.4425783157348633,93,7,2.384185791015625e-07
-2.3046765327453613,1.4425783157348633,93,7,2.384185791015625e-07
2.515549659729004,2.49997878074646,93,7,0.0
-2.3187835216522217,1.4434527158737183,94,7,0.0
-2.3187832832336426,1.4434528350830078,94,7,2.6656007498500226e-07
2.5316483974456787,2.499417543411255,94,7,0.0
2.5316481590270996,2.499417304992676,94,7,3.371747880871523e-07
2.5316483974456787,2.499417543411255,94,7,0.0
-2.3337299823760986,1.4441931247711182,95,7,0.0
-2.3337302207946777,1.4441931247711182,95,7,2.384185791015625e-07
-2.3337302207946777,1.4441931247711182,95,7,2.384185791015625e-07
-2.3337302207946777,1.4441931247711182,95,7,2.384185791015625e-07
2.547689914703369,2.498699188232422,95,7,0.0
-2.349423408508301,1.4448215961456299,96,7,5.331201499700045e-07
-2.34942364692688,1.4448215961456299,96,7,2.384185791015625e-07
2.5636537075042725,2.49783992767334,96,7,2.384185791015625e-07
2.5636537075042725,2.49783992767334,96,7,2.384185791015625e-07
2.5636541843414307,2.497840166091919,96,7,0.0
2.5795090198516846,2.496852159500122,97,7,0.0
-2.365752935409546,1.4453644752502441,97,7,2.384185791015625e-07
2.5795087814331055,2.496852159500122,97,7,2.384185791015625e-07
-2.365753173828125,1.4453644752502441,97,7,0.0
-2.365752935409546,1.4453644752502441,97,7,2.384185791015625e-07
-2.3826005458831787,1.4458482265472412,98,7,2.384185791015625e-07
-2.3826005458831787,1.4458482265472412,98,7,2.384185791015625e-07
2.5952186584472656,2.4957451820373535,98,7,2.384185791015625e-07
2.5952181816101074,2.4957451820373535,98,7,0.0
2.5952184200286865,2.4957451820373535,98,7,0.0
2.6107428073883057,2.4945268630981445,99,7,4.76837158203125e-07
-2.3998448848724365,1.4462995529174805,99,7,0.0
2.6107430458068848,2.4945268630981445,99,7,2.384185791015625e-07
-2.3998446464538574,1.4462995529174805,99,7,0.0
2.6107428073883057,2.4945268630981445,99,7,4.76837158203125e-07
-2.417370319366455,1.4467421770095825,100,7,0.0
-2.417370080947876,1.446742296218872,100,7,2.6656007498500226e-07
2.6260464191436768,2.493203639984131,100,7,0.0
-2.417370557785034,1.4467421770095825,100,7,0.0
2.6260452270507812,2.4932031631469727,100,7,5.331201499700045e-07
-2.4350717067718506,1.4471968412399292,101,7,0.0
-2.4350717067718506,1.4471968412399292,101,7,0.0
-2.4350719451904297,1.4471967220306396,101,7,2.6656007498500226e-07
2.6410915851593018,2.4917807579040527,101,7,0.0
2.6410915851593018,2.4917807579040527,101,7,0.0
2.655848264694214,2.4902639389038086,102,7,0.0
-2.4528512954711914,1.447680950164795,102,7,0.0
2.655848503112793,2.4902639389038086,102,7,2.384185791015625e-07
2.655848503112793,2.4902639389038086,102,7,2.384185791015625e-07
-2.4528512954711914,1.447680950164795,102,7,0.0
-2.4706246852874756,1.4482086896896362,103,7,0.0
2.670289993286133,2.4886586666107178,103,7,0.0
-2.4706246852874756,1.4482086896896362,103,7,0.0
2.670290231704712,2.4886586666107178,103,7,0.0
-2.4706246852874756,1.4482086896896362,103,7,0.0
2.684394598007202,2.4869699478149414,104,7,0.0
-2.4883201122283936,1.448790431022644,104,7,2.6656007498500226e-07
-2.4883201122283936,1.448790431022644,104,7,2.6656007498500226e-07
2.684394598007202,2.4869699478149414,104,7,0.0
2.684394359588623,2.4869699478149414,104,7,2.384185791015625e-07
-2.5058724880218506,1.449434757232666,105,7,0.0
2.6981446743011475,2.485203266143799,105,7,0.0
2.6981449127197266,2.485203266143799,105,7,2.384185791015625e-07
2.6981446743011475,2.485203266143799,105,7,0.0
2.6981449127197266,2.485203266143799,105,7,2.384185791015625e-07
2.71152663230896,2.4833648204803467,106,7,0.0
2.711526393890381,2.4833645820617676,106,7,3.371747880871523e-07
2.71152663230896,2.4833648204803467,106,7,0.0
2.71152663230896,2.4833648204803467,106,7,0.0
2.71152663230896,2.4833648204803467,106,7,0.0
2.7245306968688965,2.481459379196167,107,7,7.539457464619588e-07
2.72452974319458,2.481459140777588,107,7,4.76837158203125e-07
2.7245311737060547,2.481459379196167,107,7,4.76837158203125e-07
-2.540344715118408,1.4509309530258179,107,7,0.0
2.724531412124634,2.481459617614746,107,7,7.539457464619588e-07
2.737147569656372,2.479492664337158,108,7,5.331201499700045e-07
-2.557180166244507,1.451788306236267,108,7,2.384185791015625e-07
2.7371487617492676,2.4794931411743164,108,7,7.539457464619588e-07
-2.557180643081665,1.4517881870269775,108,7,0.0
2.7371480464935303,2.4794929027557373,108,7,0.0
-2.5737051963806152,1.4527192115783691,109,7,4.915124923727108e-07
-2.573704719543457,1.4527193307876587,109,7,0.0
-2.573704719543457,1.4527193307876587,109,7,0.0
-2.573704719543457,1.4527193307876587,109,7,0.0
-2.573704719543457,1.4527193307876587,109,7,0.0
2.7612130641937256,2.4753997325897217,110,7,0.0
2.761213541030884,2.4753997325897217,110,7,2.384185791015625e-07
-2.589891195297241,1.4537239074707031,110,7,0.0
-2.589890956878662,1.4537240266799927,110,7,2.6656007498500226e-07
-2.589890956878662,1.4537240266799927,110,7,2.6656007498500226e-07
-2.6057181358337402,1.4548001289367676,111,7,0.0
2.772657871246338,2.4732837677001953,111,7,0.0
-2.6057181358337402,1.4548001289367676,111,7,0.0
-2.6057181358337402,1.4548001289367676,111,7,0.0
2.7726573944091797,2.473283529281616,111,7,5.331201499700045e-07
2.7837119102478027,2.4711287021636963,112,7,2.384185791015625e-07
2.7837119102478027,2.4711287021636963,112,7,2.384185791015625e-07
2.78371262550354,2.4711287021636963,112,7,4.76837158203125e-07
2.78371262550354,2.4711287021636963,112,7,4.76837158203125e-07
-2.6211678981781006,1.4559457302093506,112,7,2.6656007498500226e-07
2.794379234313965,2.468939781188965,113,7,2.384185791015625e-07
2.7943787574768066,2.468939781188965,113,7,0.0
-2.6362268924713135,1.457158088684082,113,7,0.0
-2.6362268924713135,1.457158088684082,113,7,0.0
-2.6362271308898926,1.4571579694747925,113,7,2.6656007498500226e-07
2.8046622276306152,2.466721534729004,114,7,5.331201499700045e-07
-2.6508843898773193,1.4584333896636963,114,7,0.0
2.8046627044677734,2.466721773147583,114,7,0.0
2.8046624660491943,2.466721773147583,114,7,2.384185791015625e-07
2.8046627044677734,2.466721773147583,114,7,0.0
2.814568281173706,2.464479684829712,115,7,3.371747880871523e-07
2.814568519592285,2.464479923248291,115,7,0.0
-2.665133237838745,1.459768533706665,115,7,2.6656007498500226e-07
2.814568281173706,2.464479684829712,115,7,3.371747880871523e-07
2.814568519592285,2.464479923248291,115,7,0.0
2.824103355407715,2.4622185230255127,116,7,0.0
2.824103832244873,2.462218761444092,116,7,5.331201499700045e-07
2.824103355407715,2.4622185230255127,116,7,0.0
2.8241031169891357,2.4622185230255127,116,7,2.384185791015625e-07
-2.6789705753326416,1.4611589908599854,116,7,2.384185791015625e-07
2.8332743644714355,2.45994234085083,117,7,0.0
-2.692389965057373,1.4626011848449707,117,7,0.0
2.8332736492156982,2.45994234085083,117,7,0.0
2.8332743644714355,2.45994234085083,117,7,0.0
2.8332743644714355,2.45994234085083,117,7,0.0
-2.7053942680358887,1.4640905857086182,118,7,0.0
-2.7053945064544678,1.4640905857086182,118,7,2.384185791015625e-07
2.842088460922241,2.457655429840088,118,7,2.384185791015625e-07
2.842088222503662,2.457655429840088,118,7,2.384185791015625e-07
-2.7053942680358887,1.4640905857086182,118,7,0.0
2.850555419921875,2.45536208152771,119,7,4.76837158203125e-07
2.850555896759033,2.45536208152771,119,7,4.76837158203125e-07
2.850555896759033,2.45536208152771,119,7,4.76837158203125e-07
-2.7179830074310303,1.465623140335083,119,7,7.539457464619588e-07
2.850555896759033,2.45536208152771,119,7,4.76837158203125e-07
2.8586840629577637,2.453066110610962,120,7,2.384185791015625e-07
2.8586840629577637,2.453066349029541,120,7,3.371747880871523e-07
-2.7301604747772217,1.4671943187713623,120,7,0.0
2.8586840629577637,2.453066110610962,120,7,2.384185791015625e-07
2.8586840629577637,2.453066110610962,120,7,2.384185791015625e-07
2.8664844036102295,2.4507713317871094,121,7,2.384185791015625e-07
2.8664848804473877,2.4507713317871094,121,7,7.152557373046875e-07
2.8664841651916504,2.4507713317871094,121,7,2.384185791015625e-07
-2.7419307231903076,1.4688000679016113,121,7,0.0
2.8664839267730713,2.4507713317871094,121,7,0.0
2.873964786529541,2.4484808444976807,122,7,0.0
-2.7532973289489746,1.4704363346099854,122,7,4.915124923727108e-07
-2.753297805786133,1.4704362154006958,122,7,2.6656007498500226e-07
2.873964786529541,2.4484808444976807,122,7,0.0
-2.7532973289489746,1.4704363346099854,122,7,4.915124923727108e-07
2.881136894226074,2.446197986602783,123,7,4.76837158203125e-07
-2.7642691135406494,1.4720985889434814,123,7,2.6656007498500226e-07
-2.7642695903778076,1.4720983505249023,123,7,0.0
-2.7642691135406494,1.4720985889434814,123,7,2.6656007498500226e-07
2.881136417388916,2.446197986602783,123,7,0.0
-2.7748517990112305,1.473783016204834,124,7,2.384185791015625e-07
-2.7748515605926514,1.473783016204834,124,7,2.384185791015625e-07
2.888009786605835,2.443925380706787,124,7,4.76837158203125e-07
-2.7748517990112305,1.473783016204834,124,7,2.384185791015625e-07
2.888009786605835,2.443925380706787,124,7,4.76837158203125e-07
-2.7850534915924072,1.4754860401153564,125,7,7.251217997429632e-07
2.8945934772491455,2.4416663646698,125,7,0.0
-2.7850539684295654,1.4754860401153564,125,7,2.6656007498500226e-07
2.8945934772491455,2.4416663646698,125,7,0.0
-2.7850542068481445,1.475485920906067,125,7,0.0
2.900899648666382,2.4394235610961914,126,7,0.0
-2.794883966445923,1.4772040843963623,126,7,4.76837158203125e-07
2.9008989334106445,2.4394235610961914,126,7,7.152557373046875e-07
2.900899648666382,2.4394235610961914,126,7,0.0
-2.794883966445923,1.4772040843963623,126,7,4.76837158203125e-07
2.906937599182129,2.437199115753174,127,7,2.384185791015625e-07
-2.804349899291992,1.478933572769165,127,7,4.915124923727108e-07
2.906937837600708,2.437199115753174,127,7,0.0
2.906937599182129,2.437199115753174,127,7,2.384185791015625e-07
2.906937599182129,2.437199115753174,127,7,2.384185791015625e-07
2.912717580795288,2.43499493598938,128,7,0.0
2.912717580795288,2.43499493598938,128,7,0.0
2.912717819213867,2.434995174407959,128,7,0.0
-2.813462018966675,1.4806711673736572,128,7,0.0
2.9127166271209717,2.43499493598938,128,7,9.5367431640625e-07
-2.8222293853759766,1.4824138879776,129,7,7.251217997429632e-07
-2.8222298622131348,1.4824137687683105,129,7,2.384185791015625e-07
2.9182493686676025,2.4328134059906006,129,7,5.331201499700045e-07
-2.822230339050293,1.4824137687683105,129,7,2.384185791015625e-07
-2.822230100631714,1.4824137687683105,129,7,0.0
2.9235448837280273,2.4306564331054688,130,7,4.76837158203125e-07
-2.830662727355957,1.4841585159301758,130,7,0.0
-2.830662727355957,1.4841585159301758,130,7,0.0
2.9235448837280273,2.4306564331054688,130,7,4.76837158203125e-07
2.923544406890869,2.4306564331054688,130,7,0.0
2.9286108016967773,2.428525447845459,131,7,2.384185791015625e-07
-2.8387699127197266,1.4859029054641724,131,7,2.6656007498500226e-07
2.928610324859619,2.428525447845459,131,7,2.384185791015625e-07
2.9286110401153564,2.428525447845459,131,7,2.384185791015625e-07
-2.8387699127197266,1.4859029054641724,131,7,2.6656007498500226e-07
2.933457136154175,2.426421642303467,132,7,7.152557373046875e-07
2.933457851409912,2.426421642303467,132,7,0.0
-2.846562385559082,1.487643837928772,132,7,4.915124923727108e-07
2.933457851409912,2.426421642303467,132,7,0.0
2.933457136154175,2.426421642303467,132,7,7.152557373046875e-07
2.938096046447754,2.424347162246704,133,7,2.384185791015625e-07
2.938096046447754,2.424347162246704,133,7,2.384185791015625e-07
2.938096046447754,2.424347162246704,133,7,2.384185791015625e-07
2.938096046447754,2.424347162246704,133,7,2.384185791015625e-07
-2.8540496826171875,1.4893794059753418,133,7,2.384185791015625e-07
-2.8612420558929443,1.4911072254180908,134,7,2.384185791015625e-07
2.9425339698791504,2.42230224609375,134,7,0.0
2.9425339698791504,2.42230224609375,134,7,0.0
2.942532777786255,2.422302007675171,134,7,3.371747880871523e-07
2.9425339698791504,2.42230224609375,134,7,0.0
-2.8681480884552,1.4928255081176758,135,7,0.0
2.946779489517212,2.420288324356079,135,7,0.0
2.946779489517212,2.420288324356079,135,7,0.0
2.9467790126800537,2.420288324356079,135,7,4.76837158203125e-07
2.9467790126800537,2.420288324356079,135,7,4.76837158203125e-07
-2.8747780323028564,1.4945319890975952,136,7,0.0
-2.8747787475585938,1.4945318698883057,136,7,2.384185791015625e-07
-2.8747787475585938,1.4945318698883057,136,7,2.384185791015625e-07
-2.8747787475585938,1.4945318698883057,136,7,2.384185791015625e-07
-2.8747780323028564,1.4945319890975952,136,7,0.0
2.9547293186187744,2.4163568019866943,137,7,0.0
-2.8811419010162354,1.496225118637085,137,7,0.0
-2.8811419010162354,1.496225118637085,137,7,0.0
2.9547293186187744,2.4163568019866943,137,7,0.0
2.9547293186187744,2.4163568019866943,137,7,0.0
2.9584498405456543,2.414440631866455,138,7,2.384185791015625e-07
2.9584498405456543,2.414440631866455,138,7,2.384185791015625e-07
2.9584500789642334,2.414440631866455,138,7,4.76837158203125e-07
-2.8872482776641846,1.49790358543396,138,7,0.0
2.958449363708496,2.414440631866455,138,7,0.0
2.9620096683502197,2.412558078765869,139,7,2.384185791015625e-07
-2.8931069374084473,1.4995659589767456,139,7,0.0
-2.893106698989868,1.4995660781860352,139,7,2.6656007498500226e-07
2.962010383605957,2.412558078765869,139,7,0.0
2.962010383605957,2.412558078765869,139,7,0.0
-2.898725748062134,1.5012108087539673,140,7,2.6656007498500226e-07
2.9654181003570557,2.4107096195220947,140,7,3.371747880871523e-07
2.9654178619384766,2.4107093811035156,140,7,0.0
2.9654178619384766,2.4107093811035156,140,7,0.0
-2.8987255096435547,1.5012109279632568,140,7,0.0
-2.9041147232055664,1.50283682346344,141,7,2.384185791015625e-07
2.9686806201934814,2.408895254135132,141,7,0.0
2.9686806201934814,2.408895254135132,141,7,0.0
-2.9041147232055664,1.50283682346344,141,7,2.384185791015625e-07
-2.9041149616241455,1.50283682346344,141,7,0.0
2.97180438041687,2.4071156978607178,142,7,2.384185791015625e-07
2.97180438041687,2.407115936279297,142,7,2.384185791015625e-07
2.97180438041687,2.407115936279297,142,7,2.384185791015625e-07
2.97180438041687,2.4071156978607178,142,7,2.384185791015625e-07
2.9718048572540283,2.407115936279297,142,7,4.76837158203125e-07
-2.9142351150512695,1.506029725074768,143,7,1.1920928955078125e-07
2.9747958183288574,2.4053709506988525,143,7,2.384185791015625e-07
-2.9142351150512695,1.5060298442840576,143,7,1.1920928955078125e-07
-2.9142348766326904,1.5060298442840576,143,7,2.384185791015625e-07
-2.9142351150512695,1.5060298442840576,143,7,1.1920928955078125e-07
-2.91898250579834,1.5075945854187012,144,7,4.76837158203125e-07
-2.918982982635498,1.5075945854187012,144,7,0.0
2.9776597023010254,2.403660535812378,144,7,5.331201499700045e-07
2.9776601791381836,2.403660774230957,144,7,0.0
2.9776601791381836,2.403660774230957,144,7,0.0
2.9804041385650635,2.4019851684570312,145,7,2.384185791015625e-07
-2.923532009124756,1.509137749671936,145,7,4.76837158203125e-07
2.9804043769836426,2.4019851684570312,145,7,0.0
2.9804043769836426,2.4019851684570312,145,7,0.0
-2.9235329627990723,1.5091376304626465,145,7,0.0
-2.9278924465179443,1.5106581449508667,146,7,0.0
2.9830329418182373,2.4003443717956543,146,7,0.0
-2.9278924465179443,1.5106581449508667,146,7,0.0
2.9830329418182373,2.4003443717956543,146,7,0.0
-2.9278929233551025,1.5106581449508667,146,7,0.0
2.9855527877807617,2.398737668991089,147,7,0.0
2.9855527877807617,2.398737668991089,147,7,0.0
2.9855527877807617,2.398737668991089,147,7,0.0
2.985553503036499,2.398737907409668,147,7,7.539457464619588e-07
2.9855527877807617,2.398737668991089,147,7,0.0
2.9879672527313232,2.397165298461914,148,7,2.384185791015625e-07
2.9879672527313232,2.397165298461914,148,7,2.384185791015625e-07
-2.9360711574554443,1.513629674911499,148,7,4.76837158203125e-07
-2.936070680618286,1.513629674911499,148,7,0.0
-2.936070680618286,1.513629674911499,148,7,0.0
-2.9399027824401855,1.5150800943374634,149,7,0.0
2.990280866622925,2.3956267833709717,149,7,5.331201499700045e-07
2.990281820297241,2.395627021789551,149,7,0.0
-2.9399027824401855,1.5150800943374634,149,7,0.0
-2.9399027824401855,1.5150800943374634,149,7,0.0
-2.9435720443725586,1.5165067911148071,150,7,2.384185791015625e-07
2.992499828338623,2.3941221237182617,150,7,2.384185791015625e-07
-2.9435722827911377,1.5165067911148071,150,7,0.0
-2.943572521209717,1.5165066719055176,150,7,2.6656007498500226e-07
2.992499828338623,2.3941221237182617,150,7,2.384185791015625e-07
